CASE_ID,ACCIDENT_YEAR,PROC_DATE,JURIS,COLLISION_DATE,COLLISION_TIME,OFFICER_ID,REPORTING_DISTRICT,DAY_OF_WEEK,CHP_SHIFT,POPULATION,CNTY_CITY_LOC,SPECIAL_COND,BEAT_TYPE,CHP_BEAT_TYPE,CITY_DIVISION_LAPD,CHP_BEAT_CLASS,BEAT_NUMBER,PRIMARY_RD,SECONDARY_RD,DISTANCE,DIRECTION,INTERSECTION,WEATHER_1,WEATHER_2,STATE_HWY_IND,CALTRANS_COUNTY,CALTRANS_DISTRICT,STATE_ROUTE,ROUTE_SUFFIX,POSTMILE_PREFIX,POSTMILE,LOCATION_TYPE,RAMP_INTERSECTION,SIDE_OF_HWY,TOW_AWAY,COLLISION_SEVERITY,NUMBER_KILLED,NUMBER_INJURED,PARTY_COUNT,PRIMARY_COLL_FACTOR,PCF_CODE_OF_VIOL,PCF_VIOL_CATEGORY,PCF_VIOLATION,PCF_VIOL_SUBSECTION,HIT_AND_RUN,TYPE_OF_COLLISION,MVIW,PED_ACTION,ROAD_SURFACE,ROAD_COND_1,ROAD_COND_2,LIGHTING,CONTROL_DEVICE,CHP_ROAD_TYPE,PEDESTRIAN_ACCIDENT,BICYCLE_ACCIDENT,MOTORCYCLE_ACCIDENT,TRUCK_ACCIDENT,NOT_PRIVATE_PROPERTY,ALCOHOL_INVOLVED,STWD_VEHTYPE_AT_FAULT,CHP_VEHTYPE_AT_FAULT,COUNT_SEVERE_INJ,COUNT_VISIBLE_INJ,COUNT_COMPLAINT_PAIN,COUNT_PED_KILLED,COUNT_PED_INJURED,COUNT_BICYCLIST_KILLED,COUNT_BICYCLIST_INJURED,COUNT_MC_KILLED,COUNT_MC_INJURED,PRIMARY_RAMP,SECONDARY_RAMP,LATITUDE,LONGITUDE,COUNTY,CITY,POINT_X,POINT_Y
9301559,2021,2021-10-01,2002,2021-08-23,0838,4483,,1,5,4,2002,0,0,0,,0,003,"SHANNON AV","SUNSET AV",0.00,,Y,A,-,N,,,,,,,,,,N,4,0,1,2,A,-,10,21950,,F,D,G,A,A,H,-,A,D,0,,Y,,,Y,,A,01,0,0,1,0,0,0,1,0,0,"- ","- ",,,MADERA,MADERA,-120.08592987060547,36.960128784179688
91444537,2021,2021-04-06,9450,2021-03-26,0755,017032,,5,1,9,2000,0,1,3,,2,031,"SR-99 NORTHBOUND","AVENUE 9 O/C",7920.00,N,N,A,-,Y,,,99,,,,,,N,Y,4,0,1,3,A,-,03,22350,,N,C,C,A,A,H,-,A,D,0,,,,,Y,,A,07,0,0,1,0,0,0,0,0,0,"- ","- ",36.896930694580078,-119.99298095703125,MADERA,UNINCORPORATED,-119.99295806884766,36.896949768066406
91473831,2021,2021-05-14,9456,2021-05-05,2020,021290,,3,2,9,2000,0,2,4,,1,054,"COUNTY ROAD 274","OLD CENTRAL CAMP RD",224.00,S,N,A,-,N,,,,,,,,,,N,2,0,1,2,A,-,05,21650,,N,B,G,A,A,H,-,D,D,0,,Y,,,Y,,L,04,1,0,0,0,0,0,1,0,0,"- ","- ",37.258861541748047,-119.50782775878906,MADERA,UNINCORPORATED,-119.50771331787109,37.258808135986328
91520489,2021,2021-07-14,9450,2021-07-06,1500,018551,,2,2,9,2000,0,3,5,,2,030,"AVENUE 7 1/2","COUNTY ROAD 8",100.00,W,N,A,-,N,,,,,,,,,,Y,3,0,3,3,A,-,03,22350,,N,C,C,A,A,H,-,A,D,0,,,,,Y,,A,01,0,3,0,0,0,0,0,0,0,"- ","- ",36.858489990234375,-120.40048217773438,MADERA,UNINCORPORATED,-120.40019226074219,36.858497619628906
91628779,2021,2021-11-18,9456,2021-11-06,1928,020993,,6,2,9,2000,0,2,4,,1,053,SR-49,"LAURI LANE",660.00,N,N,A,-,Y,,,49,,,,,,,Y,3,0,1,1,A,-,01,23152,A,N,E,I,A,A,H,-,D,D,0,,,,,Y,Y,D,22,0,1,0,0,0,0,0,0,0,"- ","- ",37.349399566650391,-119.72126007080078,MADERA,UNINCORPORATED,-119.72122955322266,37.349464416503906
91907482,2021,2022-11-02,9450,2021-11-03,1614,020759,,3,2,9,2000,0,2,4,,2,038,"AVENUE 7","COUNTY ROAD 31",415.00,E,N,A,-,N,,,,,,,,,,Y,1,2,1,2,A,-,08,22107,,N,E,I,A,A,H,-,A,D,0,,,,,Y,,-,33,0,1,0,0,0,0,0,0,0,"- ","- ",36.851238250732422,-119.98203277587891,MADERA,UNINCORPORATED,-119.98161315917969,36.851222991943359
91489985,2021,2021-06-04,9450,2021-05-26,0109,019604,,3,3,9,2000,0,1,3,,1,013,"STATE ROUTE 152","COUNTY ROAD 16",528.00,W,N,A,-,Y,,,152,,,,,,,Y,4,0,1,2,A,-,03,22350,,N,C,C,A,A,H,-,C,C,0,,,,Y,Y,,D,22,0,0,1,0,0,0,0,0,0,"- ","- ",37.083709716796875,-120.25933074951172,MADERA,UNINCORPORATED,-120.25933074951172,37.083724975585938
91493761,2021,2021-06-10,9450,2021-06-01,1915,021270,,2,2,9,2000,0,3,5,,2,020,"COUNTY ROAD 26","ELLIS STREET",25.00,S,N,A,-,N,,,,,,,,,,N,3,0,1,2,A,-,03,22350,,N,C,C,A,A,H,-,A,A,0,,,,,Y,,A,07,0,1,0,0,0,0,0,0,0,"- ","- ",36.986778259277344,-120.07421112060547,MADERA,UNINCORPORATED,-120.07425689697266,36.986843109130859
91582741,2021,2021-09-29,9456,2021-09-23,0333,021135,,4,3,9,2000,0,1,3,,1,051,"STATE ROUTE 41","YOSEMITE SPRINGS PARKWAY",1690.00,N,N,A,-,Y,,,41,,,,,,,Y,3,0,1,1,A,-,01,23152,A,N,F,I,A,A,H,-,D,D,0,,,,,Y,Y,A,01,0,1,0,0,0,0,0,0,0,"- ","- ",37.160140991210938,-119.72782897949219,MADERA,UNINCORPORATED,-119.72789764404297,37.160171508789062
91713102,2021,2022-11-08,9456,2021-11-12,0407,021130,,5,3,9,2000,0,2,S,,2,057,"COUNTY ROAD 415","HIDDEN KNOLLS ROAD",3673.00,E,N,F,-,N,,,,,,,,,,N,1,1,0,2,A,-,11,21954,A,N,G,B,E,A,H,-,D,D,0,Y,,,,Y,Y,N,60,0,0,0,1,0,0,0,0,0,"- ","- ",37.237781524658203,-119.82475280761719,MADERA,UNINCORPORATED,-119.800048828125,37.241371154785156
9264630,2021,2021-05-24,2002,2021-05-11,2021,4407,CITY,2,5,4,2002,0,0,0,,0,003,"FOXGLOVE WY","ASPEN LN",289.00,W,N,A,-,N,,,,,,,,,,Y,3,0,1,2,A,-,01,23152,A,M,C,E,A,A,H,-,C,D,0,,,,,Y,Y,D,22,0,1,0,0,0,0,0,0,0,"- ","- ",,,MADERA,MADERA,-120.0887451171875,36.978256225585938
91783326,2021,2022-05-27,9456,2021-12-26,1646,020944,,7,2,4,2002,0,1,3,,1,052,"STATE ROUTE 41","CAIN DRIVE",1084.00,N,N,C,-,Y,,,,,,,,,,Y,1,1,4,1,A,-,08,22107,,N,E,I,A,B,H,-,D,D,0,,,,,Y,,D,22,3,1,0,0,0,0,0,0,0,"- ","- ",37.378738403320312,-119.62650299072266,MADERA,MADERA,-119.62636566162109,37.379032135009766
91437821,2021,2021-03-29,9450,2021-03-20,1455,016946,,6,2,4,2002,0,1,3,,2,031,"SOUTHBOUND STATE ROUTE 99","SOUTH GATEWAY DRIVE",622.00,S,N,A,-,Y,,,99,,,,,,,Y,3,0,4,3,A,-,03,22350,,N,C,C,A,A,D,H,A,D,0,,,,,Y,,D,22,0,3,1,0,0,0,0,0,0,"- ","- ",36.951690673828125,-120.05325317382812,MADERA,MADERA,-120.05322265625,36.951740264892578
91516217,2021,2021-07-08,9450,2021-07-02,1205,018676,,5,1,9,2000,0,3,5,,2,030,"AVENUE 7 1/2","COUNTY ROAD 6",305.00,E,N,A,-,N,,,,,,,,,,Y,3,0,2,2,A,-,03,22350,,N,C,C,A,A,H,-,A,D,0,,,,,Y,,D,22,0,2,0,0,0,0,0,0,0,"- ","- ",36.858341217041016,-120.43466949462891,MADERA,UNINCORPORATED,-120.43484497070312,36.858314514160156
91521335,2021,2021-07-15,9450,2021-07-06,1545,021188,,2,2,9,2000,0,1,3,,1,041,SR-145,"COUNTY ROAD 33",1056.00,E,N,A,-,Y,,,145,,,,,,,Y,3,0,1,1,A,-,08,22107,,N,E,I,A,A,H,-,A,A,0,,,,,Y,,A,01,0,1,0,0,0,0,0,0,0,"- ","- ",37.009979248046875,-119.94416046142578,MADERA,UNINCORPORATED,-119.94415283203125,37.009952545166016
9322371,2021,2021-09-21,2002,2021-09-03,1935,4614,CITY,5,5,4,2002,0,0,0,,0,004,"RT 145","ALMOND AV W",0.00,,Y,A,-,Y,MAD,6,145,-,-,8.550,H,-,N,Y,4,0,1,2,A,-,03,22350,,N,C,C,A,A,H,-,C,A,0,,,,,Y,,A,01,0,0,1,0,0,0,0,0,0,"- ","- ",,,MADERA,MADERA,-120.0560302734375,36.945365905761719
9312809,2021,2021-10-07,2002,2021-08-15,1520,4466,,7,5,4,2002,0,0,0,,0,001,"OLIVE AV E","ROOSEVELT AV",0.00,,Y,A,-,N,,,,,,,,,,Y,3,0,1,2,A,-,09,21801,A,N,D,C,A,A,-,-,A,A,0,,,,,Y,,A,01,0,1,0,0,0,0,0,0,0,"- ","- ",,,MADERA,MADERA,-120.04663848876953,36.952732086181641
91551918,2021,2021-08-23,9450,2021-08-06,2255,020253,,5,3,9,2000,0,3,5,,2,040,"AVENUE 13 1/4","COUNTY ROAD 35",0.00,,Y,A,-,N,,,,,,,,,,Y,2,0,1,2,A,-,12,22450,A,F,D,C,A,A,H,-,D,A,0,,,,,Y,,D,22,1,0,0,0,0,0,0,0,0,"- ","- ",36.941059112548828,-119.91220092773438,MADERA,UNINCORPORATED,-119.91217803955078,36.941032409667969
9289793,2021,2021-08-25,2002,2021-07-05,1702,4561,,1,5,4,2002,0,0,0,,0,004,"ALMOND AV E","MADERA AV S",594.00,E,N,A,-,N,,,,,,,,,,Y,3,0,2,2,A,-,09,21804,,N,D,C,A,A,H,-,A,A,0,,,,,Y,Y,A,01,0,1,1,0,0,0,0,0,0,"- ","- ",,,MADERA,MADERA,-120.05394744873047,36.945552825927734
91493195,2021,2021-06-09,9450,2021-06-01,1355,018551,,2,1,9,2000,0,3,5,,2,030,"AVENUE 13","COUNTY ROAD 30",450.00,W,N,A,-,N,,,,,,,,,,N,4,0,1,2,A,-,08,22107,,N,E,J,A,A,H,-,A,D,0,,,,,Y,,A,07,0,0,1,0,0,0,0,0,0,"- ","- ",36.937938690185547,-120.00353240966797,MADERA,UNINCORPORATED,-120.00238037109375,36.937961578369141
9240251,2021,2021-04-16,2002,2021-03-13,1809,4461,,6,5,4,2002,0,0,0,,0,004,"RT 145","OLIVE AV",390.00,N,N,A,-,Y,MAD,6,145,-,-,9.145,I,5,S,Y,3,0,2,2,A,-,12,21453,A,N,D,C,A,A,H,-,C,A,0,,,,,Y,,A,01,0,1,1,0,0,0,0,0,0,"- ","- ",,,MADERA,MADERA,-120.05609130859375,36.954170227050781
9326878,2021,2021-11-01,2002,2021-09-24,1507,3386,MADER,5,5,4,2002,0,0,0,,0,004,"OLIVE AV W","SANTA CRUZ ST",0.00,,Y,A,-,N,,,,,,,,,,Y,4,0,1,3,A,-,09,21801,,N,D,C,A,A,H,-,A,A,0,,,,,Y,,A,01,0,0,1,0,0,0,0,0,0,"- ","- ",,,MADERA,MADERA,-120.06278228759766,36.952804565429688
91418805,2021,2021-03-02,9450,2021-02-27,0215,019105,,6,3,9,2000,0,3,5,,2,010,"S/B CHOWCHILLA BLVD","COUNTY ROAD 15",3168.00,S,N,A,-,N,,,,,,,,,,Y,4,0,1,1,A,-,08,22107,,N,F,A,A,A,H,-,D,D,0,,,,,Y,Y,A,01,0,0,1,0,0,0,0,0,0,"- ","- ",37.132450103759766,-120.26624298095703,MADERA,UNINCORPORATED,-120.27103424072266,37.136444091796875
91437786,2021,2021-03-29,9450,2021-03-21,1125,017032,,7,1,9,2000,0,1,3,,2,031,"SR-99 SOUTHBOUND","GATEWAY AVE O/C",1056.00,N,N,A,-,Y,,,,,,,,,,Y,4,0,2,2,A,-,03,22350,,N,C,C,A,A,D,-,A,D,0,,,,,Y,,A,01,0,0,2,0,0,0,0,0,0,"- ","- ",36.9510498046875,-120.05213928222656,MADERA,UNINCORPORATED,,
91508110,2021,2021-06-28,9456,2021-06-20,0430,021130,,7,3,9,2000,0,1,3,,1,052,"STATE HIGHWAY 41","TEDDY BEAR LN",755.00,S,N,A,-,Y,,,41,,,,,,,Y,2,0,1,1,A,-,01,23152,A,N,E,I,A,A,H,-,D,D,0,,,,,Y,Y,A,07,1,0,0,0,0,0,0,0,0,"- ","- ",37.335071563720703,-119.64597320556641,MADERA,UNINCORPORATED,-119.64606475830078,37.335117340087891
91549551,2021,2021-08-19,9450,2021-08-11,1240,017032,,3,1,9,2000,0,3,5,,2,040,"COUNTY ROAD 36","RUTH AVENUE",0.00,,Y,A,-,N,,,,,,,,,,Y,4,0,2,2,A,-,12,21453,A,N,D,C,A,A,H,-,A,A,0,,,,,Y,,A,07,0,0,2,0,0,0,0,0,0,"- ","- ",36.929721832275391,-119.89430236816406,MADERA,UNINCORPORATED,-119.89420318603516,36.929683685302734
91567318,2021,2021-09-10,9456,2021-09-01,1407,021290,,3,2,9,2000,0,1,3,,1,051,"STATE ROUTE-41","PONY EXPRESS LANE",0.00,,Y,A,-,Y,,,41,,,,,,,Y,3,0,2,2,A,-,09,21804,A,N,D,C,A,A,H,-,A,A,0,,,,,Y,,D,22,0,1,1,0,0,0,0,0,0,"- ","- ",37.264091491699219,-119.69100952148438,MADERA,UNINCORPORATED,-119.69100952148438,37.264034271240234
91607622,2021,2021-10-27,9450,2021-10-24,0455,016486,,7,3,9,2000,0,1,3,,1,013,"SR-99 N/B TO SR-152 W/B",SR-99,50.00,W,N,B,-,Y,,,99,,,,R,,N,Y,3,0,2,1,A,-,08,22107,,N,E,I,A,A,H,-,D,D,0,,,,,Y,,A,01,0,2,0,0,0,0,0,0,0,"- ","- ",37.084300994873047,-120.21099090576172,MADERA,UNINCORPORATED,-120.21099090576172,37.084300994873047
9219746,2021,2021-03-13,2002,2021-01-19,0545,4262,,2,5,4,2002,0,0,0,,0,004,"ALMOD AV E","BARNETT WY",20.00,W,N,A,-,N,,,,,,,,,,N,2,0,1,2,A,-,11,21954,A,N,G,B,D,A,H,-,C,A,0,Y,,,,Y,Y,N,60,1,0,0,0,1,0,0,0,0,"- ","- ",,,MADERA,MADERA,-120.04776763916016,36.945487976074219
9222011,2021,2021-03-22,2002,2021-02-15,1859,4614,,1,5,4,2002,0,0,0,,0,004,"RT 145","GARY LN E",470.00,S,N,A,-,Y,MAD,6,145,-,-,8.260,H,-,N,Y,3,0,1,2,A,-,08,22107,,N,A,C,A,A,H,-,C,A,0,,,,,Y,,A,07,0,1,0,0,0,0,0,0,0,"- ","- ",,,MADERA,MADERA,-120.05602264404297,36.941085815429688
91471815,2021,2021-05-12,9450,2021-05-02,1913,017827,,7,2,9,2000,0,3,5,,2,010,"AVENUE 23 1/2","COUNTY ROAD 16",0.00,,Y,A,-,N,,,,,,,,,,Y,2,0,2,2,A,-,01,23153,F,N,D,C,A,A,H,-,A,A,0,,,,,Y,,A,07,2,0,0,0,0,0,0,0,0,"- ","- ",37.091041564941406,-120.25675201416016,MADERA,UNINCORPORATED,-120.25679016113281,37.091007232666016
91520115,2021,2021-07-14,9456,2021-07-05,1755,020993,,1,2,9,2000,0,3,5,,2,050,"LONG HOLLOW DRIVE","LONG HOLLOW LANE",528.00,E,N,A,-,N,,,,,,,,,,N,4,0,2,2,A,-,09,21801,A,N,A,C,A,A,H,-,A,D,0,,,,,Y,,A,01,0,0,2,0,0,0,0,0,0,"- ","- ",37.168331146240234,-119.78221130371094,MADERA,UNINCORPORATED,-119.78186798095703,37.168800354003906
9321823,2021,2021-10-25,2002,2021-08-04,0934,3608,MSC,3,5,4,2002,0,0,0,,0,004,"RT 145","LEWIS ST E",0.00,,Y,A,-,Y,MAD,6,145,-,-,8.990,I,5,N,Y,4,0,2,2,A,-,09,21801,A,N,D,C,A,A,H,-,A,A,0,,,,,Y,,A,01,0,0,2,0,0,0,0,0,0,"- ","- ",,,MADERA,MADERA,-120.05606842041016,36.951698303222656
91438213,2021,2021-03-29,9450,2021-03-21,1126,017032,,7,1,9,2000,0,1,3,,2,031,"SR-99 SOUTHBOUND","GATEWAY DRIVE O/C",1056.00,N,N,A,-,Y,,,,,,,,,,Y,4,0,5,4,A,-,03,22350,,N,C,C,A,A,D,-,A,D,0,,,,,Y,,A,07,0,0,5,0,0,0,0,0,0,"- ","- ",36.950691223144531,-120.05153656005859,MADERA,UNINCORPORATED,-120.05131530761719,36.950454711914062
91489755,2021,2021-06-04,9450,2021-05-23,1615,017827,,7,2,9,2000,0,1,3,,2,011,"SR-99 (S/B)","CLEVELAND AVENUE",500.00,N,N,A,-,Y,,,,,,,,,,Y,2,0,3,7,A,-,03,22350,,N,C,C,A,A,D,-,A,D,0,,,,,Y,,D,22,2,1,0,0,0,0,0,0,0,"- ","- ",36.975978851318359,-120.0782470703125,MADERA,UNINCORPORATED,,
91491910,2021,2021-06-08,9450,2021-05-29,1552,016341,,6,2,9,2000,0,1,3,,1,042,"STATE ROUTE 41","AVENUE 12",20.00,N,N,A,-,Y,,,41,,,,,,,N,4,0,1,2,A,-,03,22350,,N,C,C,A,A,H,-,A,D,0,,,,,Y,,A,01,0,0,1,0,0,0,0,0,0,"- ","- ",36.923458099365234,-119.79403686523438,MADERA,UNINCORPORATED,-119.79399871826172,36.923458099365234
91781502,2021,2022-05-26,9456,2021-11-20,1330,020635,,6,1,9,2000,0,2,S,,2,057,"COUNTY ROAD 415","CUTTER ROAD",338.00,E,N,B,-,N,,,,,,,,,,Y,1,1,0,2,A,-,01,23152,,N,D,C,A,A,H,-,A,D,0,,,Y,,Y,Y,C,02,0,0,0,0,0,0,0,1,0,"- ","- ",37.262229919433594,-119.70787048339844,MADERA,UNINCORPORATED,-119.70818328857422,37.262256622314453
9306810,2021,2021-09-18,2002,2021-08-26,2017,2902,,4,5,4,2002,0,0,0,,0,002,"LAKE ST N","SHERWOOD WY",0.00,,Y,A,-,N,,,,,,,,,,N,3,0,1,2,A,-,10,21950,,F,G,B,B,A,H,-,C,D,0,Y,,,,Y,,D,22,0,1,0,0,1,0,0,0,0,"- ","- ",,,MADERA,MADERA,-120.05631256103516,36.977230072021484
9369955,2021,2022-01-18,2002,2021-12-18,1349,4398,,6,5,4,2002,0,0,0,,0,001,"LAKE ST N","5TH ST E",0.00,,Y,A,-,N,,,,,,,,,,Y,4,0,1,3,A,-,09,21802,A,N,D,C,A,A,H,-,A,D,0,,,,,Y,,A,01,0,0,1,0,0,0,0,0,0,"- ","- ",,,MADERA,MADERA,-120.05524444580078,36.966331481933594
91402027,2021,2021-02-03,9450,2021-01-23,0703,018075,,6,1,9,2000,0,3,5,,2,030,"COUNTY ROAD 21","AVENUE 10",386.00,S,N,C,-,N,,,,,,,,,,Y,4,0,2,2,A,-,09,21801,A,N,D,C,A,B,H,-,A,D,0,,,,,Y,,D,22,0,0,2,0,0,0,0,0,0,"- ","- ",36.893779754638672,-120.16510009765625,MADERA,UNINCORPORATED,-120.16510009765625,36.893791198730469
91404525,2021,2021-02-08,9450,2021-01-28,0845,016946,,4,1,9,2000,0,2,4,,2,035,"AVENUE 12","COUNTY ROAD 26 1/2",850.00,W,N,B,C,N,,,,,,,,,,Y,3,0,2,1,A,-,08,22107,,F,E,I,A,B,H,-,A,D,0,,,,,Y,,A,01,0,1,1,0,0,0,0,0,0,"- ","- ",36.923809051513672,-120.06809997558594,MADERA,UNINCORPORATED,-120.06800842285156,36.923835754394531
91748769,2021,2022-04-15,9450,2021-12-09,1217,016950,,4,1,9,2000,0,3,5,,2,020,"COUNTY ROAD 27","AVENUE 20",1070.00,S,N,B,-,N,,,,,,,,,,Y,3,0,1,1,A,-,01,23152,F,N,F,A,A,B,H,-,A,D,0,,,,,Y,,D,22,0,1,0,0,0,0,0,0,0,"- ","- ",37.036781311035156,-120.05651092529297,MADERA,UNINCORPORATED,-120.05634307861328,37.036922454833984
91557150,2021,2021-08-27,9450,2021-08-17,0655,017032,,2,1,9,2000,0,3,5,,2,030,"AVENUE 9 WESTBOUND","COUNTY ROAD 40",528.00,W,N,A,-,N,,,,,,,,,,Y,4,0,3,6,A,-,03,22350,,N,C,C,A,A,H,-,A,D,0,,,,,Y,,A,07,0,0,3,0,0,0,0,0,0,"- ","- ",36.880329132080078,-119.82347869873047,MADERA,UNINCORPORATED,-119.82323455810547,36.879997253417969
91530773,2021,2021-07-28,9450,2021-07-20,0705,017032,,2,1,9,2000,0,3,5,,2,040,"MARKET AVENUE","CASCADE WAY",98.00,E,N,A,-,N,,,,,,,,,,Y,4,0,1,2,A,-,08,22107,,N,C,C,A,A,D,-,A,D,0,,,,,Y,,D,22,0,0,1,0,0,0,0,0,0,"- ","- ",36.919979095458984,-119.79994964599609,MADERA,UNINCORPORATED,-119.80007171630859,36.920028686523438
91662206,2021,2021-12-27,9450,2021-08-05,2035,021202,,4,2,9,2000,0,1,3,,1,037,"STATE ROUTE 145","AVENUE 6",0.00,,Y,A,-,Y,,,145,,,,,,,Y,1,1,2,2,A,-,12,22450,A,N,D,C,A,A,H,-,C,A,0,,,,Y,Y,,A,08,1,0,1,0,0,0,0,0,0,"- ","- ",36.836780548095703,-120.05590057373047,MADERA,UNINCORPORATED,-120.05584716796875,36.836769104003906
9277180,2021,2021-07-13,2002,2021-05-29,0329,4562,MADER,6,5,4,2002,0,0,0,,0,001,"WASHINGTON AV","VINEYARD AV",0.00,,Y,A,-,N,,,,,,,,,,Y,4,0,1,1,A,-,01,23152,,N,A,I,A,A,H,-,C,A,0,,,,,Y,,A,01,0,0,1,0,0,0,0,0,0,"- ","- ",,,MADERA,MADERA,-120.05046081542969,36.964313507080078
91557407,2021,2021-08-27,9456,2021-08-17,1420,020944,,2,2,9,2000,0,1,3,,1,051,SR-41,"COUNTY ROAD 416",239.00,N,N,A,-,Y,,,41,,,,,,,Y,2,0,2,1,A,-,01,23152,F,N,E,I,A,A,H,-,A,D,0,,,,,Y,,A,08,2,0,0,0,0,0,0,0,0,"- ","- ",37.202808380126953,-119.72216796875,MADERA,UNINCORPORATED,-119.72216796875,37.202808380126953
91571251,2021,2021-09-15,9450,2021-09-04,2006,018612,,6,2,9,2000,0,3,5,,2,020,"COUNTY ROAD 27","MARTIN STREET",270.00,N,N,A,-,N,,,,,,,,,,N,2,0,1,2,A,-,05,21202,A,N,D,G,A,A,H,-,D,D,0,,Y,,,Y,,L,04,1,0,0,0,0,0,1,0,0,"- ","- ",36.993370056152344,-120.05616760253906,MADERA,UNINCORPORATED,-120.05615234375,36.993301391601562
91596797,2021,2021-10-14,9450,2021-10-11,1535,018612,,1,2,9,2000,0,1,3,,1,013,SR-152,"COUNTY ROAD 12",400.00,E,N,F,G,Y,,,152,,,,,,,Y,3,0,1,2,A,-,03,22350,,N,C,C,A,A,G,-,A,D,0,,,,Y,Y,,F,26,0,1,0,0,0,0,0,0,0,"- ","- ",37.083400726318359,-120.32565307617188,MADERA,UNINCORPORATED,-120.32565307617188,37.083423614501953
91636757,2021,2021-11-29,9450,2021-11-25,2310,021202,,4,3,9,2000,0,3,5,,2,040,"AVENUE 9","COUNTY ROAD 38",1340.00,E,N,A,-,N,,,,,,,,,,Y,4,0,1,1,A,-,08,22107,,N,E,I,A,D,H,-,D,D,0,,,,,Y,,A,01,0,0,1,0,0,0,0,0,0,"- ","- ",36.880508422851562,-119.85250854492188,MADERA,UNINCORPORATED,-119.85260772705078,36.88043212890625
9326877,2021,2021-10-29,2002,2021-09-28,1428,3567,,2,5,4,2002,0,0,0,,0,,"CLARK ST W","COUNTRY CLUB DR",152.00,W,N,A,-,N,,,,,,,,,,N,3,0,1,1,A,-,01,23152,A,N,E,I,A,A,H,-,A,D,0,,,,,Y,Y,A,01,0,1,0,0,0,0,0,0,0,"- ","- ",,,MADERA,MADERA,-120.07476806640625,36.980049133300781
91626467,2021,2021-11-16,9450,2021-11-13,2125,021202,,6,2,9,2000,0,1,3,,1,043,"STATE ROUTE 41","COUNTY ROAD 8063",420.00,N,N,A,-,Y,,,41,,,,,,,Y,4,0,1,2,A,-,08,22107,,N,B,C,A,A,H,-,D,D,0,,,,,Y,,A,01,0,0,1,0,0,0,0,0,0,"- ","- ",37.099571228027344,-119.74741363525391,MADERA,UNINCORPORATED,-119.7474365234375,37.099590301513672
91634654,2021,2021-11-24,9456,2021-11-16,2250,020787,,2,3,9,2000,0,1,3,,1,051,SR-41,"COUNTY ROAD 416",450.00,N,N,B,-,Y,,,41,,,,,,,Y,4,0,1,2,A,-,03,22350,,N,C,C,A,A,H,-,D,D,0,,,,,Y,,A,01,0,0,1,0,0,0,0,0,0,"- ","- ",37.203060150146484,-119.72197723388672,MADERA,UNINCORPORATED,-119.72196197509766,37.203041076660156
91971001,2021,2023-01-18,9450,2021-12-03,0837,016950,,5,1,9,2000,0,1,3,,1,013,"STATE ROUTE 152","COUNTY ROAD 9",0.00,,Y,E,-,Y,,,152,,,,,,,Y,1,1,1,15,A,-,12,22450,A,M,D,C,A,B,H,-,A,A,0,,,,Y,Y,,G,25,0,1,0,0,0,0,0,0,0,"- ","- ",37.083309173583984,-120.38272857666016,MADERA,UNINCORPORATED,-120.38272857666016,37.083320617675781
91391161,2021,2021-01-20,9450,2021-01-14,1609,020759,,4,2,9,2000,0,3,5,,2,030,"COUNTY ROAD 23","AVENUE 14",25.00,N,N,A,-,N,,,,,,,,,,Y,4,0,1,2,A,-,01,23152,A,N,C,C,A,A,H,-,A,A,0,,,,,Y,Y,A,01,0,0,1,0,0,0,0,0,0,"- ","- ",36.953109741210938,-120.12841033935547,MADERA,UNINCORPORATED,-120.12841796875,36.952938079833984
91452496,2021,2021-04-19,9450,2021-04-10,1100,018551,,6,1,9,2000,0,1,3,,2,031,"SR-99 N/B","AVENUE 12",1200.00,S,N,A,-,Y,,,99,,,,,,N,Y,4,0,1,5,A,-,03,22350,,N,C,C,A,A,H,-,A,D,0,,,,,Y,,A,01,0,0,1,0,0,0,0,0,0,"- ","- ",36.921550750732422,-120.01957702636719,MADERA,UNINCORPORATED,-120.01941680908203,36.921794891357422
91614943,2021,2021-11-03,9456,2021-10-23,1410,021290,,6,2,9,2000,0,1,3,,1,051,"S/B SR-41 N OF KENNEDY","KENNEDY RD",83.00,N,N,A,-,Y,,,41,,,,R,,,Y,2,0,1,4,A,-,03,22350,,N,C,C,A,A,H,-,A,D,0,,,,,Y,,A,07,1,0,0,0,0,0,0,0,0,"- ","- ",37.208690643310547,-119.71218109130859,MADERA,UNINCORPORATED,-119.71218109130859,37.208690643310547
91471972,2021,2021-05-12,9450,2021-05-08,1449,021188,,6,2,4,2002,0,1,3,,2,031,"SR-99 S/B (GOLDEN STATE HIGHWAY)","GATEWAY DRIVE O/C",500.00,N,N,A,-,Y,,,99,,,,,,S,Y,3,0,1,2,A,-,03,22350,,N,C,C,A,A,D,-,A,D,0,,,,,Y,,A,01,0,1,0,0,0,0,0,0,0,"- ","- ",36.950229644775391,-120.05062866210938,MADERA,MADERA,-120.05070495605469,36.950103759765625