CASE_ID,ACCIDENT_YEAR,PROC_DATE,JURIS,COLLISION_DATE,COLLISION_TIME,OFFICER_ID,REPORTING_DISTRICT,DAY_OF_WEEK,CHP_SHIFT,POPULATION,CNTY_CITY_LOC,SPECIAL_COND,BEAT_TYPE,CHP_BEAT_TYPE,CITY_DIVISION_LAPD,CHP_BEAT_CLASS,BEAT_NUMBER,PRIMARY_RD,SECONDARY_RD,DISTANCE,DIRECTION,INTERSECTION,WEATHER_1,WEATHER_2,STATE_HWY_IND,CALTRANS_COUNTY,CALTRANS_DISTRICT,STATE_ROUTE,ROUTE_SUFFIX,POSTMILE_PREFIX,POSTMILE,LOCATION_TYPE,RAMP_INTERSECTION,SIDE_OF_HWY,TOW_AWAY,COLLISION_SEVERITY,NUMBER_KILLED,NUMBER_INJURED,PARTY_COUNT,PRIMARY_COLL_FACTOR,PCF_CODE_OF_VIOL,PCF_VIOL_CATEGORY,PCF_VIOLATION,PCF_VIOL_SUBSECTION,HIT_AND_RUN,TYPE_OF_COLLISION,MVIW,PED_ACTION,ROAD_SURFACE,ROAD_COND_1,ROAD_COND_2,LIGHTING,CONTROL_DEVICE,CHP_ROAD_TYPE,PEDESTRIAN_ACCIDENT,BICYCLE_ACCIDENT,MOTORCYCLE_ACCIDENT,TRUCK_ACCIDENT,NOT_PRIVATE_PROPERTY,ALCOHOL_INVOLVED,STWD_VEHTYPE_AT_FAULT,CHP_VEHTYPE_AT_FAULT,COUNT_SEVERE_INJ,COUNT_VISIBLE_INJ,COUNT_COMPLAINT_PAIN,COUNT_PED_KILLED,COUNT_PED_INJURED,COUNT_BICYCLIST_KILLED,COUNT_BICYCLIST_INJURED,COUNT_MC_KILLED,COUNT_MC_INJURED,PRIMARY_RAMP,SECONDARY_RAMP,LATITUDE,LONGITUDE,COUNTY,CITY,POINT_X,POINT_Y
91749164,2021,2022-04-15,9450,2021-10-28,1911,018551,,4,2,9,2000,0,3,5,,2,030,"AVENUE 7 1/2","COUNTY ROAD 9",2850.00,E,N,B,-,N,,,,,,,,,,Y,1,1,2,2,A,-,01,23152,A,N,A,C,A,A,H,-,D,D,0,,,,,Y,Y,A,01,1,1,0,0,0,0,0,0,0,"- ","- ",36.858619689941406,-120.37374877929688,MADERA,UNINCORPORATED,-120.37210845947266,36.858654022216797
91531603,2021,2021-07-29,9456,2021-07-26,1055,021269,,1,1,9,2000,0,1,3,,1,051,"STATE ROUTE 41","COUNTY ROAD 416",0.00,,Y,A,-,Y,,,41,,,,,,,N,3,0,1,2,A,-,09,21802,A,N,D,C,A,A,H,-,A,A,0,,,,,Y,,D,22,0,1,0,0,0,0,0,0,0,"- ","- ",37.202079772949219,-119.72271728515625,MADERA,UNINCORPORATED,-119.72267150878906,37.202060699462891
91571977,2021,2021-09-16,9450,2021-08-21,1354,020882,,6,1,9,2000,0,1,3,,2,031,"STATE ROUTE 99 S/B","AVENUE 9",6336.00,N,N,A,-,Y,,,99,,,,,,S,Y,3,0,3,2,A,-,03,22350,,F,C,C,A,A,H,-,A,D,0,,,,,Y,,A,08,0,3,0,0,0,0,0,0,0,"- ","- ",36.901111602783203,-119.99756622314453,MADERA,UNINCORPORATED,-119.99758148193359,36.901100158691406
91458068,2021,2021-04-26,9450,2021-04-16,1745,017032,,5,2,9,2000,0,3,5,,2,030,"AVENUE 9 WESTBOUND","COUNTY ROAD 30 1/2",427.00,E,N,A,-,N,,,,,,,,,,Y,4,0,2,2,A,-,03,22350,,N,C,C,A,A,H,-,A,D,0,,,,,Y,,A,01,0,0,2,0,0,0,0,0,0,"- ","- ",36.880260467529297,-119.97151947021484,MADERA,UNINCORPORATED,-119.97166442871094,36.8802490234375
91393314,2021,2021-01-25,9456,2021-01-23,1735,021285,,6,2,9,2000,0,1,3,,1,052,SR-41,"SNOWLINE CT",980.00,S,N,B,-,Y,,,41,,,,,,,Y,4,0,1,2,A,-,03,22350,,N,C,C,A,A,H,-,C,D,0,,,,,Y,,A,07,0,0,1,0,0,0,0,0,0,"- ","- ",37.362598419189453,-119.64227294921875,MADERA,UNINCORPORATED,-119.64227294921875,37.362628936767578
91549637,2021,2021-08-19,9450,2021-08-11,1548,020882,,3,2,9,2000,0,3,5,,2,030,"STATE ROUTE 41","COUNTY ROAD 208",7920.00,N,N,A,-,Y,,,41,,,,,,,Y,3,0,3,2,A,-,03,22350,,N,C,C,A,A,H,-,A,D,0,,,,,Y,,A,01,0,3,0,0,0,0,0,0,0,"- ","- ",37.060108184814453,-119.77005767822266,MADERA,UNINCORPORATED,-119.77011108398438,37.060134887695312
91653968,2021,2021-12-16,9450,2021-12-04,1545,020406,,6,2,9,2000,0,3,5,,2,040,"SR-41 SOUTHBOUND","AVENUE 12",1320.00,N,N,A,-,Y,,,41,,,,,,S,Y,3,0,1,3,A,-,03,22350,,N,C,C,A,A,H,-,A,D,0,,,,,Y,,D,22,0,1,0,0,0,0,0,0,0,"- ","- ",36.92578125,-119.79399108886719,MADERA,UNINCORPORATED,-119.79396820068359,36.92578125
9274447,2021,2021-07-06,2002,2021-06-10,1135,4467,,4,5,4,2002,0,0,0,,0,002,"CLEVELAND AV  E","RAYMOND RD",200.00,E,N,A,-,N,,,,,,,,,,N,3,0,1,2,A,-,09,21801,A,N,H,G,A,A,H,-,A,A,0,,Y,,,Y,,L,04,0,1,0,0,0,0,1,0,0,"- ","- ",,,MADERA,MADERA,-120.0439453125,36.974300384521484
91526899,2021,2021-07-22,9450,2021-07-18,0750,017032,,7,1,9,2000,0,2,4,,2,035,"AVENUE 12","COUNTY ROAD 19",1584.00,W,N,A,-,N,,,,,,,,,,Y,4,0,1,2,A,-,08,22107,,F,H,C,A,A,H,-,A,D,0,,,,,Y,,-,99,0,0,1,0,0,0,0,0,0,"- ","- ",36.92388916015625,-120.20723724365234,MADERA,UNINCORPORATED,-120.20677947998047,36.923725128173828
91491897,2021,2021-06-08,9450,2021-05-29,1440,018612,,6,2,9,2000,0,3,5,,2,020,"COUNTY ROAD 26","MARTIN STREET",0.00,,Y,A,-,N,,,,,,,,,,Y,4,0,1,2,A,-,12,21453,A,N,D,C,A,A,H,-,A,A,0,,,,Y,Y,,F,55,0,0,1,0,0,0,0,0,0,"- ","- ",36.992748260498047,-120.07437896728516,MADERA,UNINCORPORATED,-120.07429504394531,36.992755889892578
91512364,2021,2021-07-02,9450,2021-06-22,0815,018612,,2,1,9,2000,0,3,5,,2,030,"COUNTY ROAD 28 1/2","AVENUE 15",0.00,,Y,A,-,N,,,,,,,,,,Y,2,0,1,2,A,-,01,23152,A,N,D,C,A,A,H,-,A,D,0,,,,,Y,Y,D,22,1,0,0,0,0,0,0,0,0,"- ","- ",36.967128753662109,-120.02866363525391,MADERA,UNINCORPORATED,-120.02861785888672,36.967140197753906
91515182,2021,2021-07-07,9456,2021-06-27,1755,020993,,7,2,9,2000,0,1,3,,1,051,SR-41,"MCALLISTER ROAD",270.00,N,N,A,-,Y,,,41,,,,,,,Y,4,0,1,2,A,-,09,21804,A,N,D,C,A,A,H,-,A,D,0,,,,,Y,,A,01,0,0,1,0,0,0,0,0,0,"- ","- ",37.262649536132812,-119.69735717773438,MADERA,UNINCORPORATED,-119.69734954833984,37.262580871582031
9382616,2021,2022-01-25,2002,2021-12-06,2039,2990,,1,5,4,2002,0,0,0,,0,001,"A ST  S","MARIPOSA ST",0.00,,Y,A,-,N,,,,,,,,,,Y,3,0,1,2,A,-,12,22450,,N,D,C,A,A,H,-,C,D,0,,,,,Y,,M,96,0,1,0,0,0,0,0,0,0,"- ","- ",,,MADERA,MADERA,-120.03993225097656,36.956260681152344
91440058,2021,2021-03-31,9450,2021-03-29,1900,020882,,1,2,9,2000,0,1,3,,1,041,"STATE ROUTE 145","COUNTY ROAD 36",5280.00,W,N,A,-,Y,,,145,,,,,,,Y,3,0,2,1,A,-,08,22107,,N,F,A,A,A,H,-,A,D,0,,,,,Y,,D,22,0,2,0,0,0,0,0,0,0,"- ","- ",37.010219573974609,-119.91857147216797,MADERA,UNINCORPORATED,-119.91857147216797,37.010215759277344
91454588,2021,2021-04-20,9450,2021-04-18,1220,018551,,7,1,9,2000,0,1,3,,2,031,"SR-99 N/B","4TH STREET O/C",1000.00,N,N,A,-,Y,,,,,,,,,,N,4,0,2,3,A,-,03,22350,,N,C,C,A,A,D,-,A,D,0,,,,,Y,,A,01,0,0,2,0,0,0,0,0,0,"- ","- ",36.962360382080078,-120.06555938720703,MADERA,UNINCORPORATED,-120.06482696533203,36.961639404296875
91600655,2021,2021-10-19,9450,2021-10-11,1810,018551,,1,2,9,2000,0,2,4,,2,038,"AVENUE 7","COUNTY ROAD 31",622.00,E,N,F,-,N,,,,,,,,,,Y,4,0,1,2,A,-,08,22107,,N,A,C,A,A,G,-,A,D,0,,,,Y,Y,,G,25,0,0,1,0,0,0,0,0,0,"- ","- ",36.851219177246094,-119.98078155517578,MADERA,UNINCORPORATED,-119.98090362548828,36.851222991943359
91519432,2021,2021-07-13,9450,2021-07-05,2005,018551,,1,2,9,2000,0,1,3,,2,031,"SR-99 N/B","AVENUE 12",700.00,S,N,A,-,Y,,,99,,,,,,N,Y,4,0,2,2,A,-,07,21658,A,N,B,C,A,A,H,-,A,D,0,,,,,Y,,A,01,0,0,2,0,0,0,0,0,0,"- ","- ",36.920120239257812,-120.01703643798828,MADERA,UNINCORPORATED,-120.01706695556641,36.920089721679688
91536888,2021,2021-08-04,9450,2021-07-24,1017,019105,,6,1,9,2000,0,3,5,,2,040,"COUNTY ROAD 36","AVENUE 15",262.00,N,N,A,-,N,,,,,,,,,,Y,2,0,1,1,A,-,01,23152,A,N,E,I,A,A,H,-,A,D,0,,,,,Y,Y,A,01,1,0,0,0,0,0,0,0,0,"- ","- ",36.968379974365234,-119.89380645751953,MADERA,UNINCORPORATED,-119.89381408691406,36.967338562011719
91607337,2021,2021-10-27,9450,2021-10-15,0605,017165,,5,1,9,2000,0,2,4,,2,035,"AVENUE 12","STATE ROUTE 145",635.00,W,N,A,-,N,,,,,,,,,,Y,3,0,1,2,A,-,03,22350,,N,C,C,A,A,H,-,D,D,0,,,,,Y,,A,01,0,1,0,0,0,0,0,0,0,"- ","- ",36.923839569091797,-120.05828094482422,MADERA,UNINCORPORATED,-120.05824279785156,36.923839569091797
91640126,2021,2021-12-01,9450,2021-11-29,1600,021202,,1,2,4,2002,0,1,3,,2,031,"STATE ROUTE 99, S/B","OLIVE AVENUE",270.00,N,N,A,-,Y,,,99,,,,,,S,N,4,0,1,3,A,-,03,22350,,N,C,C,A,A,H,-,A,D,0,,,,,Y,,D,22,0,0,1,0,0,0,0,0,0,"- ","- ",36.953601837158203,-120.05716705322266,MADERA,MADERA,-120.05694580078125,36.953868865966797
91393503,2021,2021-01-25,9450,2021-01-13,1242,018075,,3,1,9,2000,0,1,3,,2,011,"SR-99 (S/B)","CLEVELAND AVENUE",300.00,N,N,A,-,Y,,,,,,,,,,Y,4,0,1,4,A,-,03,22350,,N,C,C,A,A,H,-,A,D,0,,,,Y,Y,,G,25,0,0,1,0,0,0,0,0,0,"- ","- ",36.975288391113281,-120.0772705078125,MADERA,UNINCORPORATED,,
91403858,2021,2021-02-08,9456,2021-01-27,1245,018970,,3,1,9,2000,0,1,3,,1,052,SR-41,"HARTWELL RD",260.00,N,N,C,-,Y,,,41,,,,,,,Y,4,0,1,2,A,-,08,22107,,N,D,C,A,B,C,-,A,D,0,,,,,Y,,D,22,0,0,1,0,0,0,0,0,0,"- ","- ",37.339611053466797,-119.64402008056641,MADERA,UNINCORPORATED,-119.64398193359375,37.339588165283203
91435510,2021,2021-03-25,9450,2021-03-21,0020,021188,,7,3,9,2000,0,1,3,,2,031,"SR-99 N/B (GOLDEN STATE HIGHWAY)","AVENUE 12",5280.00,S,N,A,-,Y,,,99,,,,,,N,Y,4,0,1,2,A,-,03,22350,,N,C,C,A,A,H,-,D,D,0,,,,,Y,,A,01,0,0,1,0,0,0,0,0,0,"- ","- ",36.912689208984375,-120.00930023193359,MADERA,UNINCORPORATED,-120.00930786132812,36.912685394287109
91445566,2021,2021-04-07,9450,2021-04-04,2044,021270,,7,2,9,2000,0,1,3,,1,043,"STATE ROUTE 41","AVENUE 12",634.00,N,N,A,-,Y,,,41,,,,,,,Y,4,0,2,2,A,-,03,22350,,N,C,C,A,A,H,-,D,A,0,,,,,Y,,A,01,0,0,2,0,0,0,0,0,0,"- ","- ",36.925178527832031,-119.79399871826172,MADERA,UNINCORPORATED,-119.79396820068359,36.925178527832031
91536897,2021,2021-08-04,9450,2021-07-25,1300,019105,,7,1,4,2002,0,1,3,,2,031,"S/B SR-99","AVENUE 8",1584.00,N,N,A,-,Y,,,,,,,,,,Y,4,0,1,1,A,-,08,22107,,N,E,I,A,A,H,-,A,D,0,,,Y,,Y,,O,05,0,0,1,0,0,0,0,0,1,"- ","- ",36.869178771972656,-119.96446990966797,MADERA,MADERA,-119.96410369873047,36.869121551513672
91575404,2021,2021-09-21,9450,2021-09-16,1830,019705,,4,2,4,2002,0,1,3,,2,031,"SR-99 SOUTHBOUND","GATEWAY DRIVE",528.00,S,N,A,-,Y,,,,,,,,,,Y,4,0,1,1,A,-,03,22350,,N,E,I,A,A,H,-,A,D,0,,,,,Y,,E,22,0,0,1,0,0,0,0,0,0,"- ","- ",36.931148529052734,-120.02874755859375,MADERA,MADERA,-120.04689025878906,36.947944641113281
91615214,2021,2021-11-03,9450,2021-11-02,1433,021188,,2,2,9,2000,0,3,5,,2,010,SR-233,"SR-152 E/B TO SR-233",0.00,,Y,A,-,Y,,,233,,,,,,,Y,3,0,1,2,A,-,09,21802,A,N,D,C,A,A,H,-,A,A,0,,,,,Y,,D,22,0,1,0,0,0,0,0,0,0,"- ","- ",37.082229614257812,-120.29852294921875,MADERA,UNINCORPORATED,-120.29850006103516,37.08221435546875
91652109,2021,2021-12-14,9450,2021-12-03,1000,021188,,5,1,9,2000,0,1,3,,1,013,"SR-152 W/B","COUNTY ROAD 11",400.00,W,N,E,-,Y,,,152,,,,,,W,Y,3,0,1,6,A,-,03,22350,,N,C,C,A,B,H,-,A,D,0,,,,Y,Y,,F,26,0,1,0,0,0,0,0,0,0,"- ","- ",37.083499908447266,-120.34837341308594,MADERA,UNINCORPORATED,-120.34837341308594,37.083465576171875
91479813,2021,2021-05-27,9456,2021-05-20,1415,021290,,4,2,9,2000,0,3,5,,2,050,"COUNTY ROAD 425A","QUAIL DRIVE",98.00,S,N,A,-,N,,,,,,,,,,Y,3,0,1,2,A,-,05,21650,,N,A,C,A,A,H,-,A,D,0,,,,,Y,Y,A,01,0,1,0,0,0,0,0,0,0,"- ","- ",37.336971282958984,-119.65421295166016,MADERA,UNINCORPORATED,-119.65430450439453,37.336929321289062
91497604,2021,2021-06-15,9456,2021-06-07,1550,020944,,1,2,9,2000,0,1,3,,1,051,SR-41,"HODGES HILL DR",50.00,N,N,A,-,Y,,,41,,,,,,,N,4,0,1,1,C,-,18,,,N,H,H,A,A,H,-,A,D,0,,,,,Y,,-,"- ",0,0,1,0,0,0,0,0,0,"- ","- ",37.345981597900391,-119.64218139648438,MADERA,UNINCORPORATED,-119.64215087890625,37.345981597900391
91603722,2021,2021-10-22,9450,2021-10-21,1645,018551,,4,2,9,2000,0,1,3,,2,031,"SR-99 N/B","AVENUE 7",200.00,S,N,A,-,Y,,,99,,,,,,N,N,4,0,1,2,A,-,07,21658,A,N,B,C,A,A,H,-,A,D,0,,,,,Y,,A,01,0,0,1,0,0,0,0,0,0,"- ","- ",36.851200103759766,-119.94667053222656,MADERA,UNINCORPORATED,-119.94660949707031,36.851261138916016
91671418,2021,2022-01-05,9450,2021-12-27,1624,018551,,1,2,9,2000,0,1,3,,2,031,"SR-99 S/B","AVENUE 12",2640.00,S,N,B,C,Y,,,99,,,,,,S,N,4,0,2,4,A,-,03,22350,,N,C,C,A,A,H,-,A,D,0,,,,,Y,,A,01,0,0,2,0,0,0,0,0,0,"- ","- ",36.920570373535156,-120.01789093017578,MADERA,UNINCORPORATED,-120.01792907714844,36.920513153076172
91446575,2021,2021-04-08,9450,2021-04-04,1505,021202,,7,2,4,2002,0,1,3,,2,031,"STATE ROUTE 99, S/B","GATEWAY DR",1200.00,N,N,A,-,Y,,,99,,,,,,S,Y,3,0,1,2,A,-,03,22350,,N,C,C,A,A,H,-,A,D,0,,,,,Y,,A,07,0,1,0,0,0,0,0,0,0,"- ","- ",36.950920104980469,-120.05190277099609,MADERA,MADERA,-120.05195617675781,36.950817108154297
91503997,2021,2021-06-23,9450,2021-06-19,0855,019105,,6,1,9,2000,0,3,5,,2,030,"ROAD 9 SOUTHBOUND","AVENUE 14",100.00,S,N,A,-,N,,,,,,,,,,Y,3,0,1,2,A,-,08,22107,,N,E,E,A,A,H,-,A,D,0,,,,,Y,,A,01,0,1,0,0,0,0,0,0,0,"- ","- ",36.951950073242188,-120.38269805908203,MADERA,UNINCORPORATED,-120.38260650634766,36.952236175537109
91596193,2021,2021-10-14,9450,2021-09-27,0825,017165,,1,1,9,2000,0,2,4,,2,035,"AVENUE 12","COUNTY ROAD 29",0.00,,Y,A,-,N,,,,,,,,,,Y,4,0,1,2,A,-,12,21453,A,N,D,C,A,A,H,-,A,A,0,,,,Y,Y,,A,01,0,0,1,0,0,0,0,0,0,"- ","- ",36.923721313476562,-120.01560974121094,MADERA,UNINCORPORATED,-120.02755737304688,36.923740386962891
91618200,2021,2021-11-08,9456,2021-10-29,1845,020787,,5,2,9,2000,0,3,5,,2,050,"COUNTY ROAD 222","CEDAR LN",1056.00,S,N,A,-,N,,,,,,,,,,Y,2,0,1,1,A,-,01,23152,A,N,F,A,A,A,H,-,D,D,0,,,Y,,Y,Y,C,02,1,0,0,0,0,0,0,0,1,"- ","- ",37.280330657958984,-119.53449249267578,MADERA,UNINCORPORATED,-119.53395843505859,37.269474029541016
9274353,2021,2021-06-30,2002,2021-06-08,0448,3624,,2,5,4,2002,0,0,0,,0,001,"RT 145","FIG AV",0.00,,Y,A,-,Y,MAD,6,145,-,-,10.680,I,5,N,N,4,0,1,2,A,-,09,21801,A,N,A,C,A,A,H,-,C,D,0,,,,,Y,,A,07,0,0,1,0,0,0,0,0,0,"- ","- ",,,MADERA,MADERA,-120.04754638671875,36.970470428466797
91485027,2021,2021-05-28,9450,2021-05-19,1743,021188,,3,2,4,2002,0,1,3,,2,031,"SR-99 S/B (GOLDEN STATE HIGHWAY)","GATEWAY DRIVE",500.00,N,N,A,-,Y,,,99,,,,,,S,Y,4,0,1,3,A,-,03,22350,,N,C,2,A,A,D,H,A,D,0,,,,,Y,,D,22,0,0,1,0,0,0,0,0,0,"- ","- ",36.949748992919922,-120.04989624023438,MADERA,MADERA,-120.04994964599609,36.949668884277344
91503960,2021,2021-06-23,9450,2021-06-22,1500,021188,,2,2,9,2000,0,3,5,,2,030,"AVENUE 7 1/2","COUNTY ROAD 8",2112.00,W,N,A,-,N,,,,,,,,,,Y,3,0,2,1,A,-,08,22107,,N,F,A,A,A,H,-,A,D,0,,,,,Y,,A,07,0,2,0,0,0,0,0,0,0,"- ","- ",36.858451843261719,-120.40846252441406,MADERA,UNINCORPORATED,-120.40706634521484,36.858463287353516
91390132,2021,2021-01-18,9450,2021-01-08,1215,017032,,5,1,9,2000,0,3,5,,2,010,"AVENUE 20","COUNTY ROAD 21",1584.00,W,N,B,-,N,,,,,,,,,,Y,4,0,1,1,C,-,18,,,N,E,H,A,A,H,-,A,D,0,,,,,Y,,-,"- ",0,0,1,0,0,0,0,0,0,"- ","- ",37.040149688720703,-120.17111968994141,MADERA,UNINCORPORATED,-120.17139434814453,37.040119171142578
91472595,2021,2021-05-13,9450,2021-05-02,1205,016950,,7,1,4,2002,0,1,3,,2,011,"SR-99 SOUTHBOUND","CLEVELAND AVENUE",600.00,N,N,A,-,Y,,,99,,,,,,S,Y,4,0,4,8,A,-,03,22350,,M,C,C,A,A,D,-,A,D,0,,,,,Y,,D,22,0,0,4,0,0,0,0,0,0,"- ","- ",36.975898742675781,-120.0780029296875,MADERA,MADERA,-120.07801818847656,36.975875854492188
9300201,2021,2021-08-16,2002,2021-07-24,1425,4535,,6,5,4,2002,0,0,0,,0,002,"JAMES WY","DELLAVALLE AV",38.00,W,N,A,-,N,,,,,,,,,,N,4,0,1,3,A,-,08,22107,,N,C,E,A,A,H,-,A,A,0,,,,,Y,,A,01,0,0,1,0,0,0,0,0,0,"- ","- ",,,MADERA,MADERA,-120.06098175048828,36.978630065917969
91392683,2021,2021-01-22,9450,2021-01-14,1052,017032,,4,1,4,2002,0,1,3,,2,011,"SR-99 SOUTHBOUND","CLEVELAND AVE OC",166.00,N,N,B,-,Y,,,99,,,,,,S,Y,4,0,1,3,A,-,03,22350,,N,C,C,A,A,D,-,A,D,0,,,,Y,Y,,F,25,0,0,1,0,0,0,0,0,0,"- ","- ",36.975059509277344,-120.07685852050781,MADERA,MADERA,-120.07692718505859,36.9749755859375
91533736,2021,2021-07-30,9456,2021-07-22,1728,019856,,4,2,9,2000,0,1,3,,1,051,"STATE ROUTE 41","RIVER FALLS LANE",80.00,N,N,A,-,Y,,,41,,,,,,,Y,4,0,2,2,A,-,03,22350,,N,C,C,A,A,H,-,A,D,0,,,,,Y,,D,22,0,0,2,0,0,0,0,0,0,"- ","- ",37.362281799316406,-119.64289855957031,MADERA,UNINCORPORATED,-119.64291381835938,37.362293243408203
91545993,2021,2021-08-16,9450,2021-08-08,1050,017032,,7,1,9,2000,0,3,5,,2,030,"AVENUE 7","FIREBAUGH BOULEVARD",0.00,,Y,A,-,N,,,,,,,,,,Y,4,0,1,2,A,-,09,21802,A,N,D,C,A,A,H,-,A,A,0,,,,,Y,,A,01,0,0,1,0,0,0,0,0,0,"- ","- ",36.859138488769531,-120.34091949462891,MADERA,UNINCORPORATED,-120.34098815917969,36.859310150146484
91597952,2021,2021-10-15,9450,2021-10-08,1210,021270,,5,1,9,2000,0,1,3,,2,031,"SR-99 S/B TO AVENUE 9","AVENUE 9",0.00,,Y,A,-,Y,,,99,,,,R,,S,N,4,0,1,2,D,-,00,,,N,H,C,A,A,H,-,A,A,0,,,,Y,Y,,-,"- ",0,0,1,0,0,0,0,0,0,"- ","- ",36.880229949951172,-119.97885894775391,MADERA,UNINCORPORATED,-119.97885894775391,36.880229949951172
9221425,2021,2021-02-12,2002,2021-01-11,1153,4560,MADER,1,5,4,2002,0,0,0,,0,004,"RT 145","7TH ST W",130.00,N,N,A,-,Y,MAD,6,145,-,-,9.470,H,-,N,Y,3,0,1,1,A,-,01,23152,F,N,E,J,A,A,H,-,A,D,0,,,,,Y,,A,01,0,1,0,0,0,0,0,0,0,"- ","- ",,,MADERA,MADERA,-120.05818939208984,36.958980560302734
91457975,2021,2021-04-26,9450,2021-04-16,1500,019105,,5,2,9,2000,0,1,3,,2,011,"SR-99 N/B","AVENUE 17",600.00,N,N,A,-,Y,,,99,,,,,,N,Y,4,0,2,2,A,-,03,22350,,N,C,C,A,A,H,-,A,D,0,,,,,Y,,E,22,0,0,2,0,0,0,0,0,0,"- ","- ",36.99774169921875,-120.10353088378906,MADERA,UNINCORPORATED,-120.10350036621094,36.997772216796875
91461728,2021,2021-04-29,9450,2021-04-28,1603,019604,,3,2,9,2000,0,3,5,,2,020,"AVENUE 24","COUNTY ROAD 19",50.00,W,N,A,-,N,,,,,,,,,,Y,4,0,2,2,A,-,03,22350,,N,C,C,A,A,H,-,A,D,0,,,,,Y,,E,22,0,0,2,0,0,0,0,0,0,"- ","- ",37.098228454589844,-120.20140075683594,MADERA,UNINCORPORATED,-120.20230865478516,37.098220825195312
91499460,2021,2021-06-17,9450,2021-06-12,1840,018551,,6,2,9,2000,0,3,5,,2,030,"COUNTY ROAD 23","AVENUE 8",0.00,,Y,A,-,N,,,,,,,,,,N,4,0,3,2,A,-,03,22350,,N,C,C,A,A,H,-,A,D,0,,,,,Y,,A,01,0,0,3,0,0,0,0,0,0,"- ","- ",36.865921020507812,-120.12847900390625,MADERA,UNINCORPORATED,-120.12841033935547,36.865711212158203
91747286,2021,2022-04-13,9450,2021-10-29,1520,020253,,5,2,9,2000,0,3,5,,2,040,"COUNTY ROAD 39 1/2","AVENUE 7 1/2",910.00,N,N,A,-,N,,,,,,,,,,Y,1,1,0,1,A,-,01,23152,F,N,E,I,A,A,H,-,A,D,0,,,,,Y,,A,07,0,0,0,0,0,0,0,0,0,"- ","- ",36.861499786376953,-119.82952117919922,MADERA,UNINCORPORATED,-119.82950592041016,36.861545562744141
91469978,2021,2021-05-11,9450,2021-05-01,1530,021188,,6,2,4,2002,0,1,3,,2,031,"SR-99 S/B (GOLDEN STATE HIGHWAY)",SR-145,1056.00,S,N,A,-,Y,,,99,,,,,,S,Y,3,0,3,3,A,-,01,23152,F,N,E,I,A,A,D,H,A,D,0,,,,,Y,,A,07,0,3,0,0,0,0,0,0,0,"- ","- ",36.951259613037109,-120.05262756347656,MADERA,MADERA,-120.05265808105469,36.951210021972656
91481218,2021,2021-05-27,9450,2021-05-16,1300,021188,,7,1,9,2000,0,1,3,,2,031,"SR-99 S/B (GOLDEN STATE HIGHWAY)","AVENUE 12",528.00,N,N,A,-,Y,,,99,,,,,,S,N,3,0,1,3,A,-,03,22350,,N,C,C,A,A,D,H,A,D,0,,,,,Y,,A,01,0,1,0,0,0,0,0,0,0,"- ","- ",36.925571441650391,-120.02351379394531,MADERA,UNINCORPORATED,-120.02362823486328,36.925483703613281
91526917,2021,2021-07-22,9450,2021-07-20,2058,021188,,2,2,4,2002,0,1,3,,2,031,"SR-99 S/B (GOLDEN STATE HIGHWAY)",SR-145,1056.00,S,N,A,-,Y,,,99,,,,,,S,Y,3,0,1,2,A,-,08,22107,,N,E,I,A,A,D,H,C,A,0,,,,,Y,,A,07,0,1,0,0,0,0,0,0,0,"- ","- ",36.951309204101562,-120.05254364013672,MADERA,MADERA,-120.0526123046875,36.951183319091797
91528684,2021,2021-07-26,9450,2021-07-16,1255,016950,,5,1,4,2002,0,1,3,,2,011,"SR-99 N/B","ELLIS STREET",520.00,N,N,A,-,Y,,,99,,,,,,N,Y,4,0,2,3,A,-,03,22350,,N,C,C,A,A,D,-,A,D,0,,,,,Y,,A,07,0,0,2,0,0,0,0,0,0,"- ","- ",36.986381530761719,-120.08866119384766,MADERA,MADERA,-120.08866119384766,36.986373901367188
9312806,2021,2021-10-07,2002,2021-08-14,1617,4466,,6,5,4,2002,0,0,0,,0,001,"KNOX AV","ARDILLA DR",0.00,,Y,A,-,N,,,,,,,,,,Y,3,0,1,2,A,-,08,22107,,N,D,C,A,A,H,-,A,A,0,,,,,Y,,A,01,0,1,0,0,0,0,0,0,0,"- ","- ",,,MADERA,MADERA,-120.04206085205078,36.953189849853516