CASE_ID,ACCIDENT_YEAR,PROC_DATE,JURIS,COLLISION_DATE,COLLISION_TIME,OFFICER_ID,REPORTING_DISTRICT,DAY_OF_WEEK,CHP_SHIFT,POPULATION,CNTY_CITY_LOC,SPECIAL_COND,BEAT_TYPE,CHP_BEAT_TYPE,CITY_DIVISION_LAPD,CHP_BEAT_CLASS,BEAT_NUMBER,PRIMARY_RD,SECONDARY_RD,DISTANCE,DIRECTION,INTERSECTION,WEATHER_1,WEATHER_2,STATE_HWY_IND,CALTRANS_COUNTY,CALTRANS_DISTRICT,STATE_ROUTE,ROUTE_SUFFIX,POSTMILE_PREFIX,POSTMILE,LOCATION_TYPE,RAMP_INTERSECTION,SIDE_OF_HWY,TOW_AWAY,COLLISION_SEVERITY,NUMBER_KILLED,NUMBER_INJURED,PARTY_COUNT,PRIMARY_COLL_FACTOR,PCF_CODE_OF_VIOL,PCF_VIOL_CATEGORY,PCF_VIOLATION,PCF_VIOL_SUBSECTION,HIT_AND_RUN,TYPE_OF_COLLISION,MVIW,PED_ACTION,ROAD_SURFACE,ROAD_COND_1,ROAD_COND_2,LIGHTING,CONTROL_DEVICE,CHP_ROAD_TYPE,PEDESTRIAN_ACCIDENT,BICYCLE_ACCIDENT,MOTORCYCLE_ACCIDENT,TRUCK_ACCIDENT,NOT_PRIVATE_PROPERTY,ALCOHOL_INVOLVED,STWD_VEHTYPE_AT_FAULT,CHP_VEHTYPE_AT_FAULT,COUNT_SEVERE_INJ,COUNT_VISIBLE_INJ,COUNT_COMPLAINT_PAIN,COUNT_PED_KILLED,COUNT_PED_INJURED,COUNT_BICYCLIST_KILLED,COUNT_BICYCLIST_INJURED,COUNT_MC_KILLED,COUNT_MC_INJURED,PRIMARY_RAMP,SECONDARY_RAMP,LATITUDE,LONGITUDE,COUNTY,CITY,POINT_X,POINT_Y
9359663,2021,2021-11-15,2002,2021-10-18,0759,4467,,1,5,4,2002,0,0,0,,0,004,"RT 145","ALMOND AV E",0.00,,Y,A,-,Y,MAD,6,145,-,-,8.564,I,5,N,Y,3,0,1,2,A,-,12,21453,A,N,D,C,A,A,-,-,A,A,0,,,,,Y,,A,01,0,1,0,0,0,0,0,0,0,"- ","- ",,,MADERA,MADERA,-120.0560302734375,36.945575714111328
91418703,2021,2021-03-02,9450,2021-02-23,0615,016938,,2,1,9,2000,0,3,5,,2,030,"COUNTY ROAD 29","AVENUE 12 1/2",1800.00,S,N,A,-,N,,,,,,,,,,Y,4,0,1,2,A,-,03,22350,,N,C,C,A,A,H,-,A,D,0,,,,,Y,,D,22,0,0,1,0,0,0,0,0,0,"- ","- ",36.926921844482422,-120.01930236816406,MADERA,UNINCORPORATED,-120.01934814453125,36.926929473876953
91422413,2021,2021-03-08,9450,2021-02-27,1452,021188,,6,2,9,2000,0,1,3,,2,011,"SR-99 S/B (GOLDEN STATE HIGHWAY)","AVENUE 17",2640.00,N,N,A,-,Y,,,99,,,,,,S,Y,2,0,8,4,A,-,03,22350,,N,C,C,A,A,D,H,A,D,0,,,,,Y,,D,22,2,2,4,0,0,0,0,0,0,"- ","- ",37.003730773925781,-120.10993194580078,MADERA,UNINCORPORATED,-120.11002349853516,37.003612518310547
91509525,2021,2021-06-30,9450,2021-06-20,1228,019105,,7,1,9,2000,0,1,3,,2,031,"SR-99 SOUTHBOUND","AVENUE 13",528.00,N,N,A,-,Y,,,99,,,,,,S,Y,4,0,2,4,A,-,03,22350,,N,C,C,A,A,H,-,A,D,0,,,,,Y,,A,01,0,0,2,0,0,0,0,0,0,"- ","- ",36.93927001953125,-120.03717803955078,MADERA,UNINCORPORATED,-120.03720092773438,36.939243316650391
91515149,2021,2021-07-07,9450,2021-06-29,0025,020759,,2,3,9,2000,0,2,4,,2,035,"AVENUE 12","COUNTY ROAD 30",40.00,E,N,A,-,N,,,,,,,,,,Y,3,0,1,1,A,-,01,23152,A,N,E,I,A,A,H,-,D,D,0,,,,,Y,Y,A,01,0,1,0,0,0,0,0,0,0,"- ","- ",36.923469543457031,-120.00105285644531,MADERA,UNINCORPORATED,-120.00110626220703,36.923450469970703
91533704,2021,2021-07-30,9450,2021-07-22,1306,019105,,4,1,9,2000,0,1,3,,2,031,"N/B SR-99","AVENUE 11",1056.00,S,N,A,-,Y,,,99,,,,,,,Y,4,0,1,1,A,-,08,22107,,N,E,I,A,A,H,-,A,D,0,,,,,Y,,A,07,0,0,1,0,0,0,0,0,0,"- ","- ",36.906581878662109,-120.00305938720703,MADERA,UNINCORPORATED,-120.00300598144531,36.906631469726562
9242046,2021,2021-04-09,2002,2021-02-11,2010,3567,CITY,4,5,4,2002,0,0,0,,0,,"6TH ST E","A ST S",0.00,,Y,C,-,N,,,,,,,,,,N,2,0,1,2,A,-,09,21800,A,F,D,G,A,B,H,-,C,A,0,,Y,,,Y,Y,-,,1,0,0,0,0,0,1,0,0,"- ","- ",,,MADERA,MADERA,-120.05432891845703,36.963817596435547
91413400,2021,2021-02-23,9450,2021-02-12,1540,020882,,5,2,4,2002,0,1,3,,2,031,"STATE ROUTE 99 S/B","FOURTH STREET",100.00,S,N,B,-,Y,,,99,,,,,,S,Y,4,0,1,2,A,-,03,22350,,N,C,C,A,A,D,H,A,D,0,,,,,Y,,D,22,0,0,1,0,0,0,0,0,0,"- ","- ",36.960990905761719,-120.0643310546875,MADERA,MADERA,-120.06439208984375,36.960926055908203
9294609,2021,2021-08-23,2002,2021-07-16,1501,4535,,5,5,4,2002,0,0,0,,0,001,"5TH ST E","LAKE ST N",3.00,N,N,A,-,N,,,,,,,,,,N,3,0,1,2,A,-,10,21950,,N,E,B,D,A,H,-,A,A,0,Y,,,,Y,,A,01,0,1,0,0,1,0,0,0,0,"- ","- ",,,MADERA,MADERA,-120.05524444580078,36.966335296630859
91429916,2021,2021-03-18,9450,2021-03-15,2028,018612,,1,2,9,2000,0,1,3,,2,011,"SR-99 SOUTHBOUND","AVENUE 18 1/2",898.00,S,N,B,-,Y,,,99,,,,,,S,Y,4,0,1,3,A,-,03,22350,,N,C,C,A,A,D,-,D,D,0,,,,,Y,,A,01,0,0,1,0,0,0,0,0,0,"- ","- ",37.016578674316406,-120.12664031982422,MADERA,UNINCORPORATED,-120.12665557861328,37.016551971435547
91437387,2021,2021-03-29,9450,2021-03-22,2145,020253,,1,2,9,2000,0,1,3,,1,041,"STATE ROUTE 145","BNSF RAILROAD TRACKS",1300.00,W,N,A,-,Y,,,145,,,,,,,Y,4,0,1,2,A,-,03,22350,,N,C,C,A,A,H,-,D,D,0,,,,,Y,,A,01,0,0,1,0,0,0,0,0,0,"- ","- ",36.980388641357422,-120.03102111816406,MADERA,UNINCORPORATED,-120.03102111816406,36.980396270751953
91478137,2021,2021-05-27,9456,2021-05-11,1220,018970,,2,1,9,2000,0,1,3,,1,052,SR-41,"COUNTY ROAD 200",2640.00,N,N,A,-,Y,,,41,,,,,,,Y,2,0,3,2,A,-,09,21804,A,N,D,2,A,A,H,-,A,D,0,,,,Y,Y,,A,01,1,2,0,0,0,0,0,0,0,"- ","- ",37.131179809570312,-119.73487854003906,MADERA,UNINCORPORATED,-119.73496246337891,37.131202697753906
91487651,2021,2021-06-02,9456,2021-05-24,0740,018923,,1,1,9,2000,0,1,3,,2,056,"STATE ROUTE 49","MEADOW VISTA DR",0.00,,Y,A,-,Y,,,49,,,,,,,N,4,0,1,2,A,-,09,21802,A,N,D,C,A,A,H,-,A,A,0,,,,,Y,,A,07,0,0,1,0,0,0,0,0,0,"- ","- ",37.335071563720703,-119.66184997558594,MADERA,UNINCORPORATED,-119.66188049316406,37.335033416748047
91521223,2021,2021-07-15,9456,2021-07-04,1908,021555,,7,2,9,2000,0,2,4,,1,054,"COUNTY ROAD 274","LAKE VIEW DRIVE",2000.00,W,N,A,-,N,,,,,,,,,,Y,4,0,1,1,A,-,08,22107,,M,E,J,A,A,H,-,B,D,0,,,,,Y,Y,D,22,0,0,1,0,0,0,0,0,0,"- ","- ",37.318038940429688,-119.54490661621094,MADERA,UNINCORPORATED,-119.54486083984375,37.318172454833984
91644234,2021,2021-12-06,9456,2021-11-24,1415,020787,,3,2,9,2000,0,1,3,,1,051,SR-41,"COUNTY ROAD 207",400.00,S,N,A,-,Y,,,41,,,,,,,Y,4,0,1,2,A,-,03,22350,,N,C,C,A,A,H,-,A,D,0,,,,,Y,,A,01,0,0,1,0,0,0,0,0,0,"- ","- ",37.147930145263672,-119.73207092285156,MADERA,UNINCORPORATED,-119.73207092285156,37.147930145263672
91673702,2021,2022-01-07,9456,2021-12-26,1245,019856,,7,1,9,2000,0,1,3,,1,052,"STATE ROUTE 41","COUNTY ROAD 426",240.00,S,N,A,-,Y,,,41,,,,,,,N,3,0,1,2,A,-,08,22107,,N,D,C,A,A,H,-,A,D,0,,,,,Y,,A,01,0,1,0,0,0,0,0,0,0,"- ","- ",37.332439422607422,-119.65238189697266,MADERA,UNINCORPORATED,-119.65238952636719,37.332466125488281
91401048,2021,2021-02-02,9450,2021-01-22,1415,020759,,5,2,9,2000,0,3,5,,2,040,"COUNTY ROAD 211","COUNTY ROAD 145",1320.00,N,N,B,-,N,,,,,,,,,,Y,3,0,2,1,A,-,08,22107,,N,E,I,A,A,H,-,A,D,0,,,,,Y,,A,01,0,2,0,0,0,0,0,0,0,"- ","- ",37.029800415039062,-119.72473907470703,MADERA,UNINCORPORATED,-119.72446441650391,37.03021240234375
91454991,2021,2021-04-21,9450,2021-04-09,1405,017032,,5,2,9,2000,0,1,3,,2,031,"SR-99 SOUTHBOUND","AVENUE 9 O/C",5808.00,N,N,A,-,Y,,,99,,,,,,S,Y,4,0,1,2,A,-,03,22350,,N,C,C,A,A,H,-,A,D,0,,,,,Y,,A,07,0,0,1,0,0,0,0,0,0,"- ","- ",36.892738342285156,-119.98887634277344,MADERA,UNINCORPORATED,-119.9888916015625,36.892726898193359
91495101,2021,2021-06-11,9450,2021-06-01,1420,017032,,2,2,9,2000,0,1,3,,2,011,"SR-99 SOUTHBOUND","AVENUE 17 OVERCROSSING",3168.00,N,N,A,-,Y,,,99,,,,,,S,N,4,0,1,3,A,-,03,22350,,N,C,C,A,A,D,-,A,D,0,,,,,Y,,A,07,0,0,1,0,0,0,0,0,0,"- ","- ",37.0035400390625,-120.10984039306641,MADERA,UNINCORPORATED,-120.10987854003906,37.003490447998047
91599560,2021,2021-10-18,9450,2021-10-13,1345,018551,,3,1,9,2000,0,3,5,,2,040,"COUNTY ROAD 29","AVENUE 16",481.00,N,N,A,-,N,,,,,,,,,,N,2,0,1,1,A,-,08,22107,,N,E,I,A,A,H,-,A,D,0,,,,,Y,,A,01,1,0,0,0,0,0,0,0,0,"- ","- ",36.982818603515625,-120.01953125,MADERA,UNINCORPORATED,-120.01953887939453,36.982879638671875
91479989,2021,2021-05-27,9450,2021-05-12,1538,018075,,3,2,9,2000,0,3,5,,2,040,"AVENUE 10","LANES BRIDGE DRIVE",0.00,,Y,A,-,N,,,,,,,,,,Y,3,0,1,2,A,-,09,21801,A,N,A,C,A,A,H,-,A,A,0,,,,,Y,,D,22,0,1,0,0,0,0,0,0,0,"- ","- ",36.895481109619141,-119.796630859375,MADERA,UNINCORPORATED,-119.796630859375,36.895500183105469
91426148,2021,2021-03-12,9450,2021-03-04,1228,017032,,4,1,9,2000,0,1,3,,2,011,"SR-99 SOUTHBOUND","CLEVELAND AVENUE O/C",70.00,N,N,A,-,Y,,,,,,,,,,Y,4,0,2,3,A,-,03,22350,,N,C,C,A,A,D,-,A,D,0,,,,Y,Y,,F,26,0,0,2,0,0,0,0,0,0,"- ","- ",36.974868774414062,-120.07660675048828,MADERA,UNINCORPORATED,-120.07655334472656,36.97467041015625
91561068,2021,2021-09-02,9456,2021-08-24,1355,014650,,2,1,9,2000,0,2,4,,1,054,"COUNTY ROAD 274","FAWN POINT LANE",1584.00,E,N,A,G,N,,,,,,,,,,Y,3,0,2,2,D,-,00,,,N,B,C,A,A,H,-,A,D,0,,,,,Y,,-,"- ",0,2,0,0,0,0,0,0,0,"- ","- ",37.308380126953125,-119.53376770019531,MADERA,UNINCORPORATED,-119.53253173828125,37.308860778808594
91689552,2021,2022-01-31,9456,2021-12-21,2025,020944,,2,2,4,2002,0,2,S,,2,057,"COUNTY ROAD 415","CUTTER ROAD",480.00,E,N,B,-,N,,,,,,,,,,Y,3,0,1,1,A,-,01,23152,A,M,E,J,A,A,H,-,C,D,0,,,,,Y,Y,A,07,0,1,0,0,0,0,0,0,0,"- ","- ",37.262161254882812,-119.70738220214844,MADERA,MADERA,-119.70771789550781,37.262157440185547
91472918,2021,2021-05-13,9450,2021-05-07,1240,017032,,5,1,9,2000,0,3,5,,2,010,"AVENUE 18 1/2","COUNTY ROAD 21",3168.00,W,N,A,-,N,,,,,,,,,,Y,3,0,3,1,A,-,08,22107,,N,F,A,A,A,H,-,A,D,0,,,,,Y,,A,01,0,2,1,0,0,0,0,0,0,"- ","- ",37.018028259277344,-120.17939758300781,MADERA,UNINCORPORATED,-120.17688751220703,37.018299102783203
91526487,2021,2021-07-22,9450,2021-07-16,1209,019105,,5,1,9,2000,0,1,3,,2,031,"S/B SR-99","AVENUE 12",2640.00,N,N,A,-,Y,,,99,,,,,,,Y,4,0,2,2,A,-,03,22350,,N,C,C,A,A,H,-,A,D,0,,,,,Y,,A,01,0,0,2,0,0,0,0,0,0,"- ","- ",36.930068969726562,-120.02754974365234,MADERA,UNINCORPORATED,-120.027587890625,36.930030822753906
9356220,2021,2021-11-01,2002,2021-10-14,1925,4656,MSC,4,5,4,2002,0,0,0,,0,004,"OLIVE AV W","I ST S",0.00,,Y,A,-,N,,,,,,,,,,Y,4,0,1,2,A,-,12,22450,A,N,D,C,A,A,H,-,C,A,0,,,,,Y,,A,01,0,0,1,0,0,0,0,0,0,"- ","- ",,,MADERA,MADERA,-120.05738830566406,36.952930450439453
91558490,2021,2021-08-30,9450,2021-08-27,2220,020759,,5,3,9,2000,0,1,3,,1,042,SR-41,"AVENUE 12",15.00,S,N,A,-,Y,,,41,,,,,,,N,4,0,1,2,A,-,03,22350,,N,C,C,A,A,H,-,C,A,0,,,,,Y,,D,22,0,0,1,0,0,0,0,0,0,"- ","- ",36.923019409179688,-119.79400634765625,MADERA,UNINCORPORATED,-119.79399871826172,36.923019409179688
91559927,2021,2021-08-31,9456,2021-08-27,1533,020993,,5,2,9,2000,0,1,3,,2,056,SR-49,"HARMONY LANE",0.00,,Y,A,-,Y,,,49,,,,,,,N,4,0,1,2,A,-,09,21802,A,N,A,C,A,A,H,-,A,D,0,,,,,Y,,D,22,0,0,1,0,0,0,0,0,0,"- ","- ",37.341190338134766,-119.69658660888672,MADERA,UNINCORPORATED,-119.69660186767578,37.341133117675781
91580888,2021,2021-09-27,9450,2021-04-23,0515,020759,,5,3,9,2000,0,3,5,,2,020,"AVENUE 26","SANTA FE DRIVE",0.00,,Y,A,-,N,,,,,,,,,,Y,1,1,0,2,A,-,12,22450,A,N,D,C,A,A,H,-,D,A,0,,,,,Y,,A,07,0,0,0,0,0,0,0,0,0,"- ","- ",37.127059936523438,-120.15104675292969,MADERA,UNINCORPORATED,-120.15106964111328,37.127052307128906
91581325,2021,2021-09-28,9450,2021-09-26,1500,021188,,7,2,4,2002,0,1,3,,2,012,"SR-99 N/B TO SR-152 W/B","SR-99 S/B",100.00,E,N,A,-,Y,,,,,,,,,,Y,3,0,1,1,A,-,01,23152,A,N,E,I,A,A,H,-,A,D,0,,,,,Y,Y,A,01,0,1,0,0,0,0,0,0,0,"- ","- ",37.0843505859375,-120.20954895019531,MADERA,MADERA,-120.03893280029297,36.941059112548828
9356713,2021,2021-11-10,2002,2021-10-18,1656,4560,MADER,1,5,4,2002,0,0,0,,0,004,"HOWARD RD","SCHNOOR AV S",243.00,E,N,A,-,N,,,,,,,,,,N,3,0,1,2,A,-,09,21804,A,N,G,G,A,A,H,-,A,D,0,,Y,,,Y,,A,01,0,1,0,0,0,0,1,0,0,"- ","- ",,,MADERA,MADERA,-120.08236694335938,36.952739715576172
91406936,2021,2021-02-11,9450,2021-02-09,1500,020882,,2,2,9,2000,0,2,4,,2,035,"AVENUE 12","COUNTY ROAD 26",0.00,,Y,B,-,N,,,,,,,,,,Y,3,0,2,2,A,-,12,22450,A,N,D,C,A,A,H,-,A,A,0,,,,,Y,,A,01,0,2,0,0,0,0,0,0,0,"- ","- ",36.923820495605469,-120.07424163818359,MADERA,UNINCORPORATED,-120.07424163818359,36.923831939697266
91538776,2021,2021-08-06,9450,2021-08-03,1610,020882,,2,2,9,2000,0,1,3,,2,031,"STATE ROUTE 99 S/B","AVENUE 11",20.00,S,N,A,-,Y,,,99,,,,,,S,N,4,0,1,2,A,-,03,22350,,N,C,C,A,A,H,-,A,D,0,,,,,Y,,D,22,0,0,1,0,0,0,0,0,0,"- ","- ",36.909278869628906,-120.00604248046875,MADERA,UNINCORPORATED,-120.00605773925781,36.909259796142578
91663392,2021,2021-12-28,9450,2021-12-15,1049,019105,,3,1,9,2000,0,3,5,,2,030,"AVENUE 7","COUNTY ROAD 16",7392.00,E,N,A,-,N,,,,,,,,,,Y,2,0,2,2,A,-,09,21801,A,N,D,C,A,A,H,-,A,D,0,,,,,Y,,A,01,1,0,1,0,0,0,0,0,0,"- ","- ",36.851009368896484,-120.23069763183594,MADERA,UNINCORPORATED,-120.23032379150391,36.850990295410156
91670158,2021,2022-01-04,9456,2021-12-22,1513,020787,,3,2,9,2000,0,3,5,,2,050,"GOLDEN OAK LOOP","COUNTY ROAD 426",24.00,N,N,C,-,N,,,,,,,,,,Y,4,0,1,1,A,-,03,22350,,N,E,I,A,B,H,-,A,D,0,,,,,Y,,D,22,0,0,1,0,0,0,0,0,0,"- ","- ",37.332168579101562,-119.65068817138672,MADERA,UNINCORPORATED,-119.65087890625,37.332248687744141
9262116,2021,2021-05-06,2002,2021-04-15,0852,4499,MSC,4,5,4,2002,0,0,0,,0,004,"ALMOND AV E","MADERA AV S",19.00,E,N,A,-,N,,,,,,,,,,Y,4,0,1,2,A,-,03,22350,,N,C,C,A,A,H,-,A,A,0,,,,,Y,,A,01,0,0,1,0,0,0,0,0,0,"- ","- ",,,MADERA,MADERA,-120.05591583251953,36.945587158203125
91453127,2021,2021-04-19,9456,2021-04-15,1820,020993,,4,2,9,2000,0,1,3,,1,051,SR-41,"LUCKY LANE",625.00,S,N,A,-,N,,,41,,,,,,,Y,4,0,2,2,A,-,03,22350,,N,C,C,A,A,H,-,A,D,0,,,,,Y,,D,22,0,0,2,0,0,0,0,0,0,"- ","- ",37.211860656738281,-119.70939636230469,MADERA,UNINCORPORATED,-119.70938110351562,37.211849212646484
91502093,2021,2021-06-21,9456,2021-06-17,1755,020993,,4,2,9,2000,0,1,3,,1,051,SR-41,SR-49,320.00,S,N,A,-,Y,,,41,,,,,,,Y,4,0,1,2,A,-,09,21804,A,N,D,C,A,A,H,-,A,D,0,,,,,Y,,D,22,0,0,1,0,0,0,0,0,0,"- ","- ",37.330310821533203,-119.65646362304688,MADERA,UNINCORPORATED,-119.65641784667969,37.330268859863281
91655375,2021,2021-12-17,9450,2021-12-09,0735,017032,,4,1,9,2000,0,1,3,,1,042,"STATE ROUTE 41 S/B",SR-41,100.00,S,N,C,-,Y,,,41,,,,,,S,Y,4,0,1,2,A,-,08,22107,,N,D,C,A,B,H,-,A,A,0,,,,,Y,,A,07,0,0,1,0,0,0,0,0,0,"- ","- ",36.922920227050781,-119.79395294189453,MADERA,UNINCORPORATED,-119.79399108886719,36.922920227050781
91667651,2021,2021-12-31,9450,2021-12-21,1720,021188,,2,2,9,2000,0,3,5,,2,040,"RIVERWALK BLVD.","MARKET AVENUE",0.00,,Y,A,-,N,,,,,,,,,,Y,4,0,1,2,A,-,09,21802,A,N,D,C,A,A,H,-,C,A,0,,,,,Y,,A,01,0,0,1,0,0,0,0,0,0,"- ","- ",36.920448303222656,-119.79876708984375,MADERA,UNINCORPORATED,,
91409268,2021,2021-02-16,9456,2021-02-11,1705,019856,,4,2,9,2000,0,1,3,,1,051,"STATE ROUTE 41","COUNTY ROAD 416",0.00,,Y,B,-,Y,,,41,,,,,,,N,4,0,1,2,A,-,09,21802,A,N,D,C,A,A,H,-,B,A,0,,,,,Y,,D,22,0,0,1,0,0,0,0,0,0,"- ","- ",37.202068328857422,-119.72273254394531,MADERA,UNINCORPORATED,-119.72267913818359,37.202045440673828
91577738,2021,2021-09-23,9450,2021-09-15,1355,018075,,3,1,9,2000,0,1,3,,1,043,"STATE ROUTE 41","COUNTY ROAD 406",0.00,,Y,A,-,Y,,,41,,,,,,,Y,3,0,1,2,A,-,09,21801,A,N,D,C,A,A,H,-,A,A,0,,,,,Y,,A,01,0,1,0,0,0,0,0,0,0,"- ","- ",37.094650268554688,-119.75248718261719,MADERA,UNINCORPORATED,-119.75247192382812,37.094635009765625
91655329,2021,2021-12-17,9450,2021-12-07,1705,018551,,2,2,9,2000,0,2,4,,2,045,"AVENUE 12","COUNTY ROAD 35",0.00,,Y,A,-,N,,,,,,,,,,N,4,0,2,2,A,-,09,21801,B,N,D,C,A,A,H,-,B,D,0,,,,,Y,,D,22,0,0,2,0,0,0,0,0,0,"- ","- ",36.923049926757812,-119.91208648681641,MADERA,UNINCORPORATED,-119.91240692138672,36.923023223876953
91395084,2021,2021-01-27,9450,2021-01-24,1720,021188,,7,2,9,2000,0,1,3,,1,013,"SR-152 E/B","COUNTY ROAD 6",2112.00,E,N,B,-,Y,,,152,,,,,,E,Y,3,0,1,1,A,-,01,23152,A,N,E,I,A,A,H,-,D,D,0,,,,,Y,Y,A,01,0,1,0,0,0,0,0,0,0,"- ","- ",37.083221435546875,-120.429443359375,MADERA,UNINCORPORATED,-120.429443359375,37.083423614501953
91543337,2021,2021-08-12,9456,2021-08-04,1330,017445,,3,1,9,2000,0,3,5,,2,050,"DEER RUN TRAIL","CEDAR VALLEY DRIVE",969.00,W,N,A,-,N,,,,,,,,,,N,2,0,1,1,A,-,08,22107,,N,E,I,A,A,H,-,A,D,0,,,Y,,Y,,C,06,1,0,0,0,0,0,0,0,1,"- ","- ",37.3973388671875,-119.62819671630859,MADERA,UNINCORPORATED,-119.63037872314453,37.395748138427734
91583644,2021,2021-09-30,9450,2021-09-20,0715,017827,,1,1,9,2000,0,1,3,,1,013,SR-152,"COUNTY ROAD 16",0.00,,Y,A,-,Y,,,152,,,,,,,Y,3,0,2,2,A,-,09,21802,A,N,C,C,A,A,H,-,A,D,0,,,,,Y,,A,01,0,2,0,0,0,0,0,0,0,"- ","- ",37.083889007568359,-120.25682830810547,MADERA,UNINCORPORATED,-120.25682830810547,37.083896636962891
9341394,2021,2021-10-21,2002,2021-10-01,1510,4560,MADER,5,5,4,2002,0,0,0,,0,004,"PECAN AV W","COUNTY ROAD 28 1/4",0.00,,Y,A,-,N,,,,,,,,,,Y,4,0,1,2,A,-,09,21804,A,N,D,C,A,A,H,-,A,D,0,,,,,Y,,A,01,0,0,1,0,0,0,0,0,0,"- ","- ",,,MADERA,MADERA,-120.03816986083984,36.938106536865234
91399836,2021,2021-02-01,9456,2021-01-30,2045,021285,,6,2,9,2000,0,2,4,,1,054,"COUNTY ROAD 274","ROAD 331",2112.00,E,N,A,-,N,,,,,,,,,,Y,4,0,1,1,A,-,08,22107,,N,E,I,A,B,H,-,D,D,0,,,,,Y,,D,22,0,0,1,0,0,0,0,0,0,"- ","- ",37.334449768066406,-119.572998046875,MADERA,UNINCORPORATED,-119.57284545898438,37.334453582763672
91478093,2021,2021-05-20,9450,2021-04-23,2340,020406,,5,3,9,2000,0,1,3,,1,043,SR-41,"COUNTY ROAD 208",3696.00,N,N,A,-,Y,,,41,,,,,,,Y,2,0,5,3,A,-,01,23152,A,N,B,C,A,A,H,-,D,D,0,,,,,Y,Y,A,01,3,1,1,0,0,0,0,0,0,"- ","- ",37.048900604248047,-119.77559661865234,MADERA,UNINCORPORATED,-119.77577209472656,37.048988342285156
91480422,2021,2021-05-27,9450,2021-05-14,1255,017032,,5,1,9,2000,0,1,3,,2,012,"SR-99 NORTHBOUND","ROAD 15 OVERCROSSING",4541.00,N,N,A,-,Y,,,99,,,,,,N,Y,4,0,1,2,A,-,03,22350,,N,C,C,A,A,H,-,A,D,0,,,,Y,Y,,A,01,0,0,1,0,0,0,0,0,0,"- ","- ",37.149341583251953,-120.28656768798828,MADERA,UNINCORPORATED,-120.28657531738281,37.149333953857422
91482324,2021,2021-05-27,9450,2021-05-16,1805,018612,,7,2,4,2002,0,1,3,,2,011,"SR-99 NORTHBOUND","CLEVELAND AVE.",1056.00,N,N,A,-,Y,,,99,,,,,,N,Y,3,0,4,5,A,-,03,22350,,N,C,C,A,A,H,-,A,D,0,,,,,Y,,A,07,0,4,0,0,0,0,0,0,0,"- ","- ",36.976371765136719,-120.0784912109375,MADERA,MADERA,-120.07841491699219,36.976463317871094
91566507,2021,2021-09-09,9450,2021-09-03,2125,018612,,5,2,9,2000,0,1,3,,2,011,"SR-99 NB TO AVENUE 20 1/2 (OFF-RAMP)","AVENUE 20 1/2",0.00,,Y,A,-,Y,,,99,,,,R,,N,Y,3,0,1,2,A,-,12,22450,A,F,D,C,A,A,H,-,C,A,0,,,,,Y,,A,01,0,1,0,0,0,0,0,0,0,"- ","- ",37.043018341064453,-120.15833282470703,MADERA,UNINCORPORATED,-120.15833282470703,37.043018341064453
91479801,2021,2021-05-27,9450,2021-05-12,0700,017032,,3,1,9,2000,0,3,5,,2,010,"AVENUE 18 1/2","COUNTY ROAD 16",0.00,,Y,A,-,N,,,,,,,,,,N,4,0,1,2,A,-,12,22450,A,F,D,C,A,A,H,-,A,A,0,,,,,Y,,-,99,0,0,1,0,0,0,0,0,0,"- ","- ",37.018260955810547,-120.25684356689453,MADERA,UNINCORPORATED,-120.25687408447266,37.01824951171875
9360986,2021,2021-11-22,2002,2021-11-13,1706,4398,,6,5,4,2002,0,0,0,,0,002,"ELLIS ST E","LAKE ST N",0.00,,Y,A,-,N,,,,,,,,,,Y,3,0,1,1,A,-,08,22107,,N,F,A,A,-,H,-,C,D,0,,,Y,,Y,,C,02,0,1,0,0,0,0,0,0,1,"- ","- ",,,MADERA,MADERA,-120.05622100830078,36.986831665039062
91549749,2021,2021-08-19,9450,2021-08-14,2325,021202,,6,3,9,2000,0,1,3,,1,013,"STATE ROUTE 152","COUNTY ROAD 7",655.00,W,N,A,-,Y,,,152,,,,,,,Y,3,0,1,1,A,-,08,22107,,N,E,8,A,A,H,-,D,D,0,,,,,Y,,A,01,0,1,0,0,0,0,0,0,0,"- ","- ",37.083301544189453,-120.42131805419922,MADERA,UNINCORPORATED,-120.42131805419922,37.083412170410156
9376730,2021,2022-01-06,2002,2021-12-12,1049,3386,MADER,7,5,4,2002,0,0,0,,0,003,"SCHNOOR AV N","FOXGLOVE WY",0.00,,Y,A,-,N,,,,,,,,,,Y,4,0,1,2,A,-,03,22350,,N,D,C,A,A,H,-,A,A,0,,,,,Y,,A,01,0,0,1,0,0,0,0,0,0,"- ","- ",,,MADERA,MADERA,-120.08595275878906,36.978534698486328