CASE_ID,ACCIDENT_YEAR,PROC_DATE,JURIS,COLLISION_DATE,COLLISION_TIME,OFFICER_ID,REPORTING_DISTRICT,DAY_OF_WEEK,CHP_SHIFT,POPULATION,CNTY_CITY_LOC,SPECIAL_COND,BEAT_TYPE,CHP_BEAT_TYPE,CITY_DIVISION_LAPD,CHP_BEAT_CLASS,BEAT_NUMBER,PRIMARY_RD,SECONDARY_RD,DISTANCE,DIRECTION,INTERSECTION,WEATHER_1,WEATHER_2,STATE_HWY_IND,CALTRANS_COUNTY,CALTRANS_DISTRICT,STATE_ROUTE,ROUTE_SUFFIX,POSTMILE_PREFIX,POSTMILE,LOCATION_TYPE,RAMP_INTERSECTION,SIDE_OF_HWY,TOW_AWAY,COLLISION_SEVERITY,NUMBER_KILLED,NUMBER_INJURED,PARTY_COUNT,PRIMARY_COLL_FACTOR,PCF_CODE_OF_VIOL,PCF_VIOL_CATEGORY,PCF_VIOLATION,PCF_VIOL_SUBSECTION,HIT_AND_RUN,TYPE_OF_COLLISION,MVIW,PED_ACTION,ROAD_SURFACE,ROAD_COND_1,ROAD_COND_2,LIGHTING,CONTROL_DEVICE,CHP_ROAD_TYPE,PEDESTRIAN_ACCIDENT,BICYCLE_ACCIDENT,MOTORCYCLE_ACCIDENT,TRUCK_ACCIDENT,NOT_PRIVATE_PROPERTY,ALCOHOL_INVOLVED,STWD_VEHTYPE_AT_FAULT,CHP_VEHTYPE_AT_FAULT,COUNT_SEVERE_INJ,COUNT_VISIBLE_INJ,COUNT_COMPLAINT_PAIN,COUNT_PED_KILLED,COUNT_PED_INJURED,COUNT_BICYCLIST_KILLED,COUNT_BICYCLIST_INJURED,COUNT_MC_KILLED,COUNT_MC_INJURED,PRIMARY_RAMP,SECONDARY_RAMP,LATITUDE,LONGITUDE,COUNTY,CITY,POINT_X,POINT_Y
91430494,2021,2021-03-18,9450,2021-03-08,1608,019105,,1,2,9,2000,0,1,3,,1,041,"STATE ROUTE 145","COUNTY ROAD 33",2640.00,E,N,A,-,Y,,,145,,,,,,,Y,2,0,1,1,A,-,01,23152,F,N,E,I,A,A,H,-,A,D,0,,,,,Y,,A,01,1,0,0,0,0,0,0,0,0,"- ","- ",37.0101318359375,-119.93604278564453,MADERA,UNINCORPORATED,-119.93604278564453,37.010154724121094
91404429,2021,2021-02-08,9450,2021-01-28,0635,017032,,4,1,9,2000,0,1,3,,2,011,"SR-99 SOUTHBOUND","AVENUE 17 OVERCROSSING",2640.00,N,N,C,-,Y,,,99,,,,,,S,Y,4,0,1,1,C,-,18,,,N,E,I,A,B,D,F,D,D,0,,,,,Y,,-,"- ",0,0,1,0,0,0,0,0,0,"- ","- ",37.002681732177734,-120.10856628417969,MADERA,UNINCORPORATED,-120.10870361328125,37.002521514892578
91460481,2021,2021-04-28,9450,2021-04-19,1455,017032,,1,2,9,2000,0,3,5,,2,030,"COUNTY ROAD 25","AVENUE 11 1/4",480.00,N,N,A,-,N,,,,,,,,,,Y,4,0,2,2,A,-,03,22350,,N,C,C,A,A,H,-,A,D,0,,,,,Y,,A,01,0,0,2,0,0,0,0,0,0,"- ","- ",36.914268493652344,-120.09246063232422,MADERA,UNINCORPORATED,-120.09236145019531,36.914237976074219
91533760,2021,2021-08-04,9456,2021-07-25,1850,019856,,7,2,9,2000,0,3,5,,2,050,"COUNTY ROAD 222","PETTITT ROAD",0.00,,Y,B,-,N,,,,,,,,,,Y,4,0,5,2,A,-,03,22350,,N,B,C,A,A,H,-,A,D,0,,,,,Y,,A,01,0,0,5,0,0,0,0,0,0,"- ","- ",37.352890014648438,-119.60352325439453,MADERA,UNINCORPORATED,-119.60359191894531,37.352890014648438
91598843,2021,2021-10-18,9450,2021-09-21,1835,018551,,2,2,9,2000,0,3,5,,2,030,"COUNTY ROAD 21","AVENUE 10",2640.00,S,N,A,-,N,,,,,,,,,,N,4,0,1,2,A,-,09,21804,A,F,D,C,A,A,H,-,A,D,0,,,,,Y,,A,01,0,0,1,0,0,0,0,0,0,"- ","- ",36.887630462646484,-120.16506958007812,MADERA,UNINCORPORATED,-120.16500091552734,36.887603759765625
91440846,2021,2021-04-01,9456,2021-03-28,2240,021285,,7,3,9,2000,0,1,3,,1,051,SR-41,"COUNTY ROAD 207",12.60,S,N,A,-,Y,,,41,,,,,,,Y,3,0,1,1,A,-,01,23152,A,N,E,I,A,A,H,-,D,D,0,,,,,Y,Y,A,01,0,1,0,0,0,0,0,0,0,"- ","- ",37.149078369140625,-119.73198699951172,MADERA,UNINCORPORATED,-119.73192596435547,37.149070739746094
91523258,2021,2021-07-19,9450,2021-07-10,1110,018612,,6,1,9,2000,0,3,5,,2,020,"AVENUE 17","COUNTY ROAD 26",50.00,E,N,A,-,N,,,,,,,,,,Y,4,0,1,2,A,-,09,21804,A,N,D,C,A,A,H,-,A,D,0,,,,,Y,,A,01,0,0,1,0,0,0,0,0,0,"- ","- ",36.996261596679688,-120.07396697998047,MADERA,UNINCORPORATED,-120.07408142089844,36.996349334716797
91537437,2021,2021-08-05,9450,2021-07-27,1552,021270,,2,2,9,2000,0,1,3,,1,041,"STATE ROUTE 145","ISLAND DRIVE",647.00,W,N,A,-,Y,,,145,,,,,,,Y,2,0,1,1,A,-,01,23152,A,N,E,I,A,A,H,-,A,D,0,,,,,Y,Y,A,07,1,0,0,0,0,0,0,0,0,"- ","- ",36.993400573730469,-120.00395202636719,MADERA,UNINCORPORATED,-120.00399780273438,36.993511199951172
91599684,2021,2021-10-19,9456,2021-10-17,1555,020993,,7,2,9,2000,0,1,3,,1,051,SR-41,"SUNSET PINES DRIVE",3500.00,S,N,A,-,Y,,,41,,,,,,,Y,3,0,1,1,A,-,03,22350,,N,F,I,A,A,H,-,A,D,0,,,Y,,Y,,C,02,0,1,0,0,0,0,0,0,1,"- ","- ",37.271778106689453,-119.66890716552734,MADERA,UNINCORPORATED,-119.66889953613281,37.271762847900391
9273706,2021,2021-06-24,2002,2021-05-21,1443,4499,MSC,5,5,4,2002,0,0,0,,0,003,"4TH ST W","G ST N",0.00,,Y,A,-,N,,,,,,,,,,Y,3,0,1,2,A,-,12,21453,A,N,D,C,A,A,H,-,A,A,0,,,,,Y,,A,01,0,1,0,0,0,0,0,0,0,"- ","- ",,,MADERA,MADERA,-120.06352233886719,36.962379455566406
9336042,2021,2021-10-20,2002,2021-09-05,1341,3277,,7,5,4,2002,0,0,0,,0,002,"KENNEDY ST E","TULARE ST",0.00,,Y,A,-,N,,,,,,,,,,Y,3,0,1,2,A,-,00,21801,C,N,D,C,A,A,H,-,A,D,0,,,,,Y,,A,01,0,1,0,0,0,0,0,0,0,"- ","- ",,,MADERA,MADERA,-120.05149078369141,36.981727600097656
91503176,2021,2021-06-22,9450,2021-06-08,2250,020406,,2,3,4,2002,0,1,3,,2,031,"NORTHBOUND SR-99","FOURTH STREET",1320.00,N,N,A,-,Y,,,99,,,,,,,Y,3,0,1,3,A,-,01,23152,A,N,E,J,A,A,D,-,D,A,0,,,,,Y,Y,A,01,0,1,0,0,0,0,0,0,0,"- ","- ",36.968841552734375,-120.07118225097656,MADERA,MADERA,-120.0711669921875,36.968849182128906
91512987,2021,2021-07-05,9450,2021-06-27,1430,018551,,7,2,9,2000,0,1,3,,2,031,"SR-99 N/B","UNION PACIFIC R/R O/C",600.00,N,N,A,-,Y,,,,,,,,,,N,4,0,3,4,A,-,03,22350,,N,C,C,A,A,H,-,A,D,0,,,,,Y,,D,22,0,0,3,0,0,0,0,0,0,"- ","- ",36.963638305664062,-120.06699371337891,MADERA,UNINCORPORATED,,
91554827,2021,2021-08-26,9450,2021-08-07,0520,019385,,6,3,9,2000,0,1,3,,2,011,"STATE ROUTE 99 NORTHBOUND","AVE 20 1/2",1056.00,S,N,A,-,Y,,,99,,,,,,N,Y,2,0,1,1,A,-,01,23152,A,N,E,A,A,A,H,-,D,D,0,,,,,Y,Y,A,08,1,0,0,0,0,0,0,0,0,"- ","- ",37.034751892089844,-120.14768218994141,MADERA,UNINCORPORATED,-120.14768981933594,37.034740447998047
91596858,2021,2021-10-14,9450,2021-10-08,0740,016425,,5,1,9,2000,0,2,4,,2,045,"AVENUE 12","COUNTY ROAD 34 1/2",30.00,W,N,B,C,N,,,,,,,,,,Y,3,0,5,2,A,-,08,22107,,N,A,C,A,B,H,-,B,A,0,,,,,Y,,A,07,0,5,0,0,0,0,0,0,0,"- ","- ",36.923030853271484,-119.92163848876953,MADERA,UNINCORPORATED,-119.92158508300781,36.923038482666016
91617610,2021,2021-11-05,9450,2021-11-02,2035,020759,,2,2,9,2000,0,1,3,,1,043,"SR-41 SOUTHBOUND","COUNTY ROAD 406",200.00,N,N,A,-,Y,,,41,,,,,,S,Y,3,0,1,3,A,-,01,23152,A,N,C,2,A,A,H,-,D,D,0,,,,,Y,Y,A,01,0,1,0,0,0,0,0,0,0,"- ","- ",37.095138549804688,-119.75193786621094,MADERA,UNINCORPORATED,-119.75192260742188,37.095123291015625
91656720,2021,2021-12-20,9450,2021-12-13,0750,017032,,1,1,9,2000,0,2,4,,2,045,"AVENUE 12","COUNTY ROAD 35",0.00,,Y,C,-,N,,,,,,,,,,Y,4,0,1,2,A,-,06,21755,A,N,D,C,A,B,H,-,A,A,0,,,,,Y,,A,07,0,0,1,0,0,0,0,0,0,"- ","- ",36.923091888427734,-119.91239929199219,MADERA,UNINCORPORATED,-119.91240692138672,36.923023223876953
9299818,2021,2021-10-05,2002,2021-08-04,1731,4274,,3,5,4,2002,0,0,0,,0,002,"CLEVELAND AV E","D ST N",37.00,E,N,A,-,N,,,,,,,,,,Y,3,0,2,2,A,-,01,23152,A,N,C,C,A,A,H,-,A,A,0,,,,,Y,Y,A,01,0,1,1,0,0,0,0,0,0,"- ","- ",,,MADERA,MADERA,-120.06305694580078,36.974449157714844
91413914,2021,2021-02-23,9450,2021-02-14,1850,021270,,7,2,9,2000,0,1,3,,1,037,"STATE ROUTE 145","AVENUE 12",0.00,,Y,A,-,Y,,,145,,,,,,,N,4,0,1,4,A,-,12,21453,A,N,D,C,A,A,H,-,C,A,0,,,,,Y,,A,01,0,0,1,0,0,0,0,0,0,"- ","- ",36.923858642578125,-120.05597686767578,MADERA,UNINCORPORATED,-120.05605316162109,36.923858642578125
91408838,2021,2021-02-16,9456,2021-02-04,1610,021555,,4,2,9,2000,0,1,3,,1,051,"STATE ROUTE 41","COUNTY ROAD 207",0.00,,Y,A,-,Y,,,41,,,,,,,Y,3,0,4,2,A,-,21,22106,,N,D,C,A,A,H,-,A,D,0,,,,,Y,,A,01,0,2,2,0,0,0,0,0,0,"- ","- ",37.151390075683594,-119.7315673828125,MADERA,UNINCORPORATED,-119.73157501220703,37.151390075683594
91536051,2021,2021-08-03,9450,2021-07-24,0940,019105,,6,1,9,2000,0,1,3,,2,031,"STATE ROUTE 99 N/B","AVENUE 9",2640.00,N,N,A,-,Y,,,99,,,,,,N,Y,4,0,1,1,A,-,08,22107,,N,E,I,A,A,H,-,A,D,0,,,,,Y,,A,01,0,0,1,0,0,0,0,0,0,"- ","- ",36.887500762939453,-119.98245239257812,MADERA,UNINCORPORATED,-119.98279571533203,36.887134552001953
91423738,2021,2021-03-09,9456,2021-02-28,1615,021130,,7,2,9,2000,0,1,3,,1,052,"SR-41 S/B","CEDAR VALLEY DR",4224.00,N,N,A,-,Y,,,41,,,,,,S,Y,2,0,1,1,A,-,01,23152,A,N,E,I,A,A,H,-,A,D,0,,,,,Y,Y,A,01,1,0,0,0,0,0,0,0,0,"- ","- ",37.401210784912109,-119.63105773925781,MADERA,UNINCORPORATED,-119.63106536865234,37.401210784912109
91428874,2021,2021-03-17,9450,2021-03-09,1825,018551,,2,2,9,2000,0,1,3,,1,041,SR-145,"AVENUE 15 1/2",1641.00,E,N,A,-,Y,,,145,,,,,,,Y,2,0,2,2,A,-,08,22107,,N,A,C,A,A,H,-,D,D,0,,,,,Y,,A,01,1,0,1,0,0,0,0,0,0,"- ","- ",36.977180480957031,-120.03666687011719,MADERA,UNINCORPORATED,-120.03667449951172,36.977188110351562
91492243,2021,2021-06-08,9456,2021-06-07,1015,018970,,1,1,9,2000,0,3,5,,2,050,"WELLS ROAD","35365 WELLS ROAD",51.00,S,N,A,-,N,,,,,,,,,,Y,4,0,1,1,A,-,08,22107,,N,E,I,A,A,H,-,A,D,0,,,,,Y,,A,01,0,0,1,0,0,0,0,0,0,"- ","- ",37.262470245361328,-119.73390197753906,MADERA,UNINCORPORATED,-119.74252319335938,37.280921936035156
91623821,2021,2021-11-19,9450,2021-11-07,0018,021555,,7,3,9,2000,0,1,3,,1,043,"STATE ROUTE 41","JEWEL VISTA COURT",1320.00,S,N,A,-,Y,,,41,,,,,,,Y,2,0,1,1,A,-,08,22107,,N,E,I,A,A,D,-,D,D,0,,,,,Y,,A,01,1,0,0,0,0,0,0,0,0,"- ","- ",37.079288482666016,-119.75939178466797,MADERA,UNINCORPORATED,-119.75936889648438,37.079265594482422
91634373,2021,2021-11-24,9456,2021-11-16,1005,019856,,2,1,9,2000,0,1,3,,1,051,"STATE ROUTE 41","HUMMINGBIRD WAY",1056.00,N,N,A,-,Y,,,41,,,,,,,Y,4,0,2,2,A,-,08,22107,,N,E,8,A,A,H,-,A,B,0,,,,,Y,,A,01,0,0,2,0,0,0,0,0,0,"- ","- ",37.265609741210938,-119.67636871337891,MADERA,UNINCORPORATED,-119.67616271972656,37.265384674072266
91444513,2021,2021-04-06,9456,2021-04-04,0730,020944,,7,1,9,2000,0,3,5,,2,050,"COUNTY ROAD 222","CARMEN RANCH ROAD",2112.00,N,N,A,-,N,,,,,,,,,,Y,4,0,1,1,A,-,08,22107,,N,E,I,A,A,H,-,A,D,0,,,,,Y,,A,01,0,0,1,0,0,0,0,0,0,"- ","- ",37.196540832519531,-119.50077056884766,MADERA,UNINCORPORATED,-119.50170135498047,37.195610046386719
91574211,2021,2021-09-20,9450,2021-09-08,1507,018075,,3,2,9,2000,0,1,3,,1,042,"STATE ROUTE 41","AVENUE 12",904.00,N,N,A,-,Y,,,41,,,,,,,Y,4,0,1,3,A,-,03,22350,,N,C,C,A,A,H,-,A,A,0,,,,,Y,,A,08,0,0,1,0,0,0,0,0,0,"- ","- ",36.925811767578125,-119.79399871826172,MADERA,UNINCORPORATED,-119.79396820068359,36.925811767578125
91411502,2021,2021-02-19,9450,2021-02-17,2250,020406,,3,3,9,2000,0,3,5,,2,040,"AVENUE 15","COUNTY ROAD 29",3960.00,E,N,A,-,N,,,,,,,,,,Y,3,0,1,2,A,-,01,23152,F,F,C,C,A,A,H,-,D,D,0,,,,,Y,,A,01,0,1,0,0,0,0,0,0,0,"- ","- ",36.966899871826172,-120.00330352783203,MADERA,UNINCORPORATED,-120.00604248046875,36.96697998046875
91522076,2021,2021-07-16,9450,2021-07-09,0755,019105,,5,1,9,2000,0,3,5,,2,030,"AVENUE 8","W/OF ROAD 29 1/2",1326.00,W,N,A,-,N,,,,,,,,,,Y,3,0,3,1,A,-,08,22107,,N,E,I,A,A,H,-,A,D,0,,,,,Y,,D,22,0,1,2,0,0,0,0,0,0,"- ","- ",36.865859985351562,-120.01468658447266,MADERA,UNINCORPORATED,-120.01484680175781,36.865821838378906
91558776,2021,2021-08-30,9450,2021-08-26,0645,017032,,4,1,9,2000,0,1,3,,1,043,"SR-41 NORTHBOUND","COUNTY ROAD 200",2640.00,S,N,A,-,Y,,,41,,,,,,N,Y,4,0,3,2,A,-,08,22107,,N,A,2,A,A,H,-,A,D,0,,,,,Y,Y,A,01,0,0,3,0,0,0,0,0,0,"- ","- ",37.118259429931641,-119.74234771728516,MADERA,UNINCORPORATED,-119.7423095703125,37.118228912353516
91632007,2021,2021-11-22,9450,2021-11-19,1620,020759,,5,2,9,2000,0,2,4,,2,045,"AVENUE 12",SR-41,0.00,,Y,A,-,Y,,,41,,,,,,,N,4,0,1,2,A,-,03,22350,,N,C,C,A,A,H,-,A,A,0,,,,,Y,,D,22,0,0,1,0,0,0,0,0,0,"- ","- ",36.923198699951172,-119.79421234130859,MADERA,UNINCORPORATED,-119.79399871826172,36.923202514648438
91426977,2021,2021-03-15,9450,2021-03-04,1744,019105,,4,2,9,2000,0,1,3,,1,013,"E/B SR-152","COUNTY ROAD 9",1584.00,W,N,A,-,Y,,,152,,,,,,,Y,3,0,1,1,A,-,01,23152,A,N,F,A,A,A,H,-,B,D,0,,,,,Y,Y,D,22,0,1,0,0,0,0,0,0,0,"- ","- ",37.083309173583984,-120.38755798339844,MADERA,UNINCORPORATED,-120.38755798339844,37.083335876464844
91444113,2021,2021-04-06,9450,2021-03-27,1248,017032,,6,1,9,2000,0,1,3,,1,042,"SR-41 NORTHBOUND","AVENUE 15",3168.00,N,N,A,-,Y,,,41,,,,,,N,Y,3,0,2,2,A,-,03,22350,,N,C,C,A,A,H,-,A,D,0,,,,,Y,,A,07,0,1,1,0,0,0,0,0,0,"- ","- ",36.976360321044922,-119.79393768310547,MADERA,UNINCORPORATED,-119.79393768310547,36.976360321044922
91573055,2021,2021-09-17,9450,2021-09-09,0610,017032,,4,1,9,2000,0,3,5,,2,030,"AVENUE 6 WESTBOUND","COUNTY ROAD 25",2112.00,E,N,A,-,N,,,,,,,,,,Y,4,0,2,2,A,-,03,22350,,N,C,C,A,A,H,-,B,D,0,,,,,Y,,A,01,0,0,2,0,0,0,0,0,0,"- ","- ",36.836830139160156,-120.08538055419922,MADERA,UNINCORPORATED,-120.08966827392578,36.836784362792969
91595218,2021,2021-10-13,9456,2021-10-12,0230,018970,,2,3,4,2002,0,2,4,,1,054,"COUNTY ROAD 274","PUTNEY PLACE",3168.00,N,N,A,-,N,,,,,,,,,,N,4,0,1,1,A,-,08,22107,,N,E,I,A,A,H,-,D,D,0,,,,,Y,,D,22,0,0,1,0,0,0,0,0,0,"- ","- ",37.247341156005859,-119.50605773925781,MADERA,MADERA,-119.50570678710938,37.246513366699219
91638106,2021,2021-11-30,9450,2021-11-18,2048,021188,,4,2,9,2000,0,1,3,,2,011,"SR-99 SOUTHBOUND","AVENUE 21 1/2",4752.00,S,N,A,-,Y,,,99,,,,,,S,Y,3,0,1,2,A,-,08,22107,,N,B,C,A,A,H,-,D,D,0,,,,,Y,,D,22,0,1,0,0,0,0,0,0,0,"- ","- ",37.055999755859375,-120.17389678955078,MADERA,UNINCORPORATED,-120.17392730712891,37.05596923828125
9223657,2021,2021-03-23,2002,2021-01-28,1917,4497,,4,5,4,2002,0,0,0,,0,,"CLEVELAND AV W","SCHNOOR AV N",0.00,,Y,C,-,N,,,,,,,,,,N,4,0,1,2,D,-,00,,,N,G,B,B,B,H,-,C,A,0,Y,,,,Y,,-,"- ",0,0,1,0,1,0,0,0,0,"- ","- ",,,MADERA,MADERA,-120.08454895019531,36.97454833984375
91437257,2021,2021-03-26,9450,2021-03-16,2018,017827,,2,2,9,2000,0,3,5,,2,040,"AVENUE 9","COUNTY ROAD 36",4224.00,E,N,A,-,N,,,,,,,,,,Y,3,0,1,2,A,-,09,21804,A,N,D,C,A,A,H,-,D,D,0,,,Y,Y,Y,,G,25,0,1,0,0,0,0,0,0,1,"- ","- ",36.880348205566406,-119.879638671875,MADERA,UNINCORPORATED,-119.87864685058594,36.880401611328125
91644039,2021,2021-12-06,9450,2021-11-08,0045,017165,,1,3,9,2000,0,1,3,,1,041,"STATE ROUTE 145","COUNTY ROAD 37",0.00,,Y,A,-,Y,,,145,,,,,,,Y,4,0,1,2,A,-,05,21752,D,N,D,C,A,A,H,-,D,D,0,,,,,Y,,A,07,0,0,1,0,0,0,0,0,0,"- ","- ",37.010311126708984,-119.87560272216797,MADERA,UNINCORPORATED,-119.87560272216797,37.01031494140625
9346589,2021,2021-11-03,2002,2021-09-29,1529,4467,,3,5,4,2002,0,0,0,,0,001,"4TH ST E","E ST N",35.00,W,N,A,-,N,,,,,,,,,,N,4,0,2,2,A,-,03,22350,,M,C,C,A,A,-,-,A,A,0,,,,,Y,,A,01,0,0,2,0,0,0,0,0,0,"- ","- ",,,MADERA,MADERA,-120.06150054931641,36.963668823242188
91486304,2021,2021-06-01,9456,2021-05-23,2110,021555,,7,2,9,2000,0,1,3,,1,052,"STATE ROUTE 41","COUNTY ROAD 222",340.00,S,N,A,-,Y,,,,,,,,,,Y,2,0,1,1,A,-,08,22107,,N,E,I,A,A,H,-,C,D,0,,,Y,,Y,,C,02,1,0,0,0,0,0,0,0,1,"- ","- ",37.215950012207031,-119.37507629394531,MADERA,UNINCORPORATED,-119.6307373046875,37.366157531738281
91549259,2021,2021-08-19,9450,2021-07-30,0928,017032,,5,1,9,2000,0,1,3,,1,042,"SR-41 SOUTHBOUND","AVENUE 12",85.00,N,N,A,-,Y,,,41,,,,,,S,N,4,0,1,2,A,-,03,22350,,N,C,C,A,A,H,-,A,A,0,,,,,Y,,A,07,0,0,1,0,0,0,0,0,0,"- ","- ",36.923580169677734,-119.79408264160156,MADERA,UNINCORPORATED,-119.79399871826172,36.923580169677734
91675852,2021,2022-01-11,9456,2021-12-30,0415,021285,,4,3,9,2000,0,1,3,,1,051,SR-41,"SUNSET PINES DR",180.00,S,N,A,-,Y,,,41,,,,,,,Y,4,0,1,1,A,-,03,22350,,N,E,I,A,C,H,-,D,D,0,,,,,Y,,A,07,0,0,1,0,0,0,0,0,0,"- ","- ",37.279609680175781,-119.66873931884766,MADERA,UNINCORPORATED,-119.66865539550781,37.279624938964844
91519411,2021,2021-11-01,9450,2021-07-05,1914,021270,,1,2,9,2000,0,1,3,,2,011,"STATE ROUTE 99 (NORTHBOUND)","CLEVELAND AVENUE",1056.00,N,N,A,-,Y,,,,,,,,,,Y,4,0,1,6,A,-,03,22350,,N,C,9,A,A,D,-,A,D,0,,,,,Y,,-,"- ",0,0,1,0,0,0,0,0,0,"- ","- ",36.976619720458984,-120.07887268066406,MADERA,UNINCORPORATED,,
9261623,2021,2021-05-10,2002,2021-04-18,1358,4614,MSC,7,5,4,2002,0,0,0,,0,004,"MADERA AVE S","LEWIS ST W",0.00,,Y,A,-,N,,,,,,,,,,Y,3,0,4,2,A,-,08,22107,,N,D,C,A,A,H,-,A,D,0,,,,,Y,,-,,0,1,3,0,0,0,0,0,0,"- ","- ",,,MADERA,MADERA,-120.05606079101562,36.951938629150391
9326593,2021,2021-10-28,2002,2021-09-16,1026,3567,CITY,4,5,4,2002,0,0,0,,0,002,"CLEVELAND AV E","YOSEMITE AV",100.00,W,N,A,-,N,,,,,,,,,,N,3,0,3,3,A,-,09,21804,A,N,D,C,A,A,H,-,A,D,0,,,,,Y,,A,01,0,1,2,0,0,0,0,0,0,"- ","- ",,,MADERA,MADERA,-120.04322814941406,36.973762512207031
91527498,2021,2021-07-23,9450,2021-07-18,1805,020882,,7,2,9,2000,0,3,5,,2,030,"AVENUE 15","COUNTY ROAD 28 1/2",0.00,,Y,B,-,N,,,,,,,,,,N,4,0,2,2,A,-,09,21802,A,N,D,C,A,A,H,-,A,A,0,,,,,Y,,A,01,0,0,2,0,0,0,0,0,0,"- ","- ",36.967121124267578,-120.02867889404297,MADERA,UNINCORPORATED,-120.02861785888672,36.967140197753906
91620794,2021,2021-11-09,9450,2021-11-03,0720,017032,,3,1,9,2000,0,3,5,,2,040,"AVENUE  15","COUNTY ROAD 36",0.00,,Y,E,-,N,,,,,,,,,,Y,4,0,1,2,A,-,12,22450,A,N,D,C,A,A,H,-,B,A,0,,,,,Y,,D,22,0,0,1,0,0,0,0,0,0,"- ","- ",36.966659545898438,-119.89380645751953,MADERA,UNINCORPORATED,-119.89382171630859,36.966617584228516
91628666,2021,2021-11-18,9456,2021-11-08,1005,018970,,1,1,9,2000,0,3,5,,2,050,"RIVER PARK ROAD","ROYAL OAKS DR",480.00,N,N,A,-,N,,,,,,,,,,Y,4,0,2,2,A,-,09,21804,A,N,D,C,A,A,H,-,A,D,0,,,,Y,Y,,A,07,0,0,2,0,0,0,0,0,0,"- ","- ",37.328990936279297,-119.65579223632812,MADERA,UNINCORPORATED,-119.65579986572266,37.328945159912109
9247538,2021,2021-04-21,2002,2021-04-03,1955,4612,MSC,6,5,4,2002,0,0,0,,0,003,"GATEWAY AV N","CLEVELAND AV W",1443.00,S,N,A,-,N,,,,,,,,,,Y,3,0,1,3,A,-,01,23152,,N,A,C,A,A,H,-,C,D,0,,,,,Y,Y,A,01,0,1,0,0,0,0,0,0,0,"- ","- ",,,MADERA,MADERA,-120.07123565673828,36.972026824951172
91409889,2021,2021-02-17,9450,2021-02-07,0420,019105,,7,3,9,2000,0,1,3,,2,012,"SR-99 N/B",SR-152,408.00,N,N,A,-,Y,,,99,,,,,,N,Y,2,0,2,1,A,-,08,22107,,N,E,I,A,A,H,-,C,D,0,,,,,Y,,D,22,2,0,0,0,0,0,0,0,0,"- ","- ",37.08489990234375,-120.21009063720703,MADERA,UNINCORPORATED,-120.21002960205078,37.085006713867188
91481376,2021,2021-05-27,9450,2021-05-17,2050,021202,,1,2,4,2002,0,1,3,,2,031,"STATE ROUTE 99 S/B","MADERA AVENUE",975.00,N,N,A,-,Y,,,99,,,,,,S,Y,4,0,2,2,A,-,03,22350,,N,-,C,A,A,D,-,C,D,0,,,,,Y,,A,01,0,0,2,0,0,0,0,0,0,"- ","- ",36.955379486083984,-120.05854034423828,MADERA,MADERA,-120.05857086181641,36.955348968505859
91499571,2021,2021-06-17,9450,2021-06-12,0920,018612,,6,1,9,2000,0,3,5,,2,020,"SANTA FE DR.","AVENUE 26",0.00,,Y,A,-,N,,,,,,,,,,Y,4,0,1,2,A,-,09,21802,A,N,D,C,A,A,H,-,A,D,0,,,,,Y,,A,01,0,0,1,0,0,0,0,0,0,"- ","- ",37.127059936523438,-120.15103912353516,MADERA,UNINCORPORATED,-120.15106964111328,37.127052307128906
91524436,2021,2021-07-20,9450,2021-07-12,1619,021188,,1,2,4,2002,0,1,3,,2,011,"SR-99 S/B (GOLDEN STATE HIGHWAY)","CLEVELAND AVENUE",20.00,N,N,A,-,Y,,,99,,,,,,S,Y,3,0,1,4,A,-,03,22350,,N,C,C,A,A,H,-,A,D,0,,,,,Y,,A,01,0,1,0,0,0,0,0,0,0,"- ","- ",36.974739074707031,-120.07662200927734,MADERA,MADERA,-120.07662963867188,36.974727630615234
91555503,2021,2021-09-02,9450,2021-08-20,1429,021270,,5,2,9,2000,0,1,3,,2,011,"SR-99 S/B TO AVENUE 18 1/2","AVENUE 18 1/2",0.00,,Y,A,-,Y,,,99,,,,R,,S,Y,2,0,1,2,A,-,09,21802,A,N,D,C,A,A,H,-,A,A,0,,,,,Y,,A,07,1,0,0,0,0,0,0,0,0,"- ","- ",37.018241882324219,-120.13117980957031,MADERA,UNINCORPORATED,-120.13117980957031,37.018241882324219
91562619,2021,2021-09-03,9456,2021-08-29,1750,019856,,7,2,9,2000,0,1,3,,1,051,"STATE ROUTE 41","COUNTY ROAD 415",508.00,N,N,A,-,Y,,,41,,,,,,,N,4,0,2,2,A,-,03,22350,,N,C,C,A,A,H,-,A,D,0,,,,,Y,,D,22,0,0,2,0,0,0,0,0,0,"- ","- ",37.262069702148438,-119.69989776611328,MADERA,UNINCORPORATED,-119.69987487792969,37.262016296386719