CASE_ID,ACCIDENT_YEAR,PROC_DATE,JURIS,COLLISION_DATE,COLLISION_TIME,OFFICER_ID,REPORTING_DISTRICT,DAY_OF_WEEK,CHP_SHIFT,POPULATION,CNTY_CITY_LOC,SPECIAL_COND,BEAT_TYPE,CHP_BEAT_TYPE,CITY_DIVISION_LAPD,CHP_BEAT_CLASS,BEAT_NUMBER,PRIMARY_RD,SECONDARY_RD,DISTANCE,DIRECTION,INTERSECTION,WEATHER_1,WEATHER_2,STATE_HWY_IND,CALTRANS_COUNTY,CALTRANS_DISTRICT,STATE_ROUTE,ROUTE_SUFFIX,POSTMILE_PREFIX,POSTMILE,LOCATION_TYPE,RAMP_INTERSECTION,SIDE_OF_HWY,TOW_AWAY,COLLISION_SEVERITY,NUMBER_KILLED,NUMBER_INJURED,PARTY_COUNT,PRIMARY_COLL_FACTOR,PCF_CODE_OF_VIOL,PCF_VIOL_CATEGORY,PCF_VIOLATION,PCF_VIOL_SUBSECTION,HIT_AND_RUN,TYPE_OF_COLLISION,MVIW,PED_ACTION,ROAD_SURFACE,ROAD_COND_1,ROAD_COND_2,LIGHTING,CONTROL_DEVICE,CHP_ROAD_TYPE,PEDESTRIAN_ACCIDENT,BICYCLE_ACCIDENT,MOTORCYCLE_ACCIDENT,TRUCK_ACCIDENT,NOT_PRIVATE_PROPERTY,ALCOHOL_INVOLVED,STWD_VEHTYPE_AT_FAULT,CHP_VEHTYPE_AT_FAULT,COUNT_SEVERE_INJ,COUNT_VISIBLE_INJ,COUNT_COMPLAINT_PAIN,COUNT_PED_KILLED,COUNT_PED_INJURED,COUNT_BICYCLIST_KILLED,COUNT_BICYCLIST_INJURED,COUNT_MC_KILLED,COUNT_MC_INJURED,PRIMARY_RAMP,SECONDARY_RAMP,LATITUDE,LONGITUDE,COUNTY,CITY,POINT_X,POINT_Y
9258556,2021,2021-05-06,2002,2021-04-13,2019,3624,,2,5,4,2002,0,0,0,,0,001,"TOZER ST","SUNRISE AV",1301.00,N,N,A,-,N,,,,,,,,,,N,2,0,1,2,A,-,11,21954,A,N,G,B,E,A,H,-,D,D,0,Y,,,,Y,,N,60,1,0,0,0,1,0,0,0,0,"- ","- ",,,MADERA,MADERA,,
91461645,2021,2021-04-29,9456,2021-04-22,1015,020635,,4,1,9,2000,0,1,3,,1,051,SR-41,"COUNTY ROAD 416",0.00,,Y,A,-,Y,,,41,,,,,,,Y,3,0,2,2,A,-,09,21802,A,N,D,C,A,A,H,-,A,A,0,,,,,Y,,A,01,0,1,1,0,0,0,0,0,0,"- ","- ",37.202968597412109,-119.72268676757812,MADERA,UNINCORPORATED,-119.72227478027344,37.202682495117188
91663934,2021,2021-12-28,9456,2021-12-07,2045,020944,,2,2,4,2002,0,3,5,,2,050,"COUNTY ROAD 416","COUNTY ROAD 415",0.00,,Y,A,-,N,,,,,,,,,,Y,2,0,1,1,A,-,12,22450,A,M,E,I,A,A,H,-,D,D,0,,,,,Y,,D,22,1,0,0,0,0,0,0,0,0,"- ","- ",37.232139587402344,-119.74249267578125,MADERA,MADERA,-119.74249267578125,37.232128143310547
91430827,2021,2021-03-19,9450,2021-03-17,0105,019385,,3,3,9,2000,0,3,5,,2,020,"COUNTY ROAD 28 1/2","AVENUE 21",0.00,,Y,A,-,N,,,,,,,,,,Y,4,0,1,2,A,-,09,21802,A,N,D,C,A,A,H,-,D,D,0,,,,,Y,,D,22,0,0,1,0,0,0,0,0,0,"- ","- ",37.054248809814453,-120.02922058105469,MADERA,UNINCORPORATED,-120.02922821044922,37.05426025390625
91442162,2021,2021-04-02,9450,2021-03-27,1320,019105,,6,1,9,2000,0,3,5,,2,020,"COUNTY ROAD 26","AVENUE 17 1/2",0.00,,Y,A,-,N,,,,,,,,,,Y,4,0,2,2,A,-,09,21802,A,N,D,C,A,A,H,-,A,A,0,,,,,Y,,D,22,0,0,2,0,0,0,0,0,0,"- ","- ",37.003658294677734,-120.07437133789062,MADERA,UNINCORPORATED,-120.07430267333984,37.003597259521484
91444285,2021,2021-04-06,9450,2021-03-31,1815,020882,,3,2,9,2000,0,3,5,,2,030,"AVENUE 9","PARAISO STREET",200.00,E,N,A,-,N,,,,,,,,,,Y,3,0,4,2,A,-,01,23152,F,N,D,C,A,A,H,-,A,D,0,,,,,Y,,A,01,0,3,1,0,0,0,0,0,0,"- ","- ",36.880260467529297,-120.11405944824219,MADERA,UNINCORPORATED,-120.11414337158203,36.880245208740234
91545987,2021,2021-08-16,9456,2021-08-14,1410,020993,,6,2,9,2000,0,1,3,,1,051,SR-41,"MCALLISTER ROAD",270.00,N,N,A,-,Y,,,41,,,,,,,Y,4,0,1,2,A,-,09,21801,A,N,D,2,A,A,H,-,A,D,0,,,,,Y,,A,07,0,0,1,0,0,0,0,0,0,"- ","- ",37.262649536132812,-119.69737243652344,MADERA,UNINCORPORATED,-119.69735717773438,37.262580871582031
91573169,2021,2021-09-17,9450,2021-09-11,1630,019705,,6,2,9,2000,0,1,3,,1,042,"SR-41 N/B","AVENUE 11",1584.00,S,N,A,-,Y,,,41,,,,,,N,Y,4,0,2,2,A,-,03,22350,,N,C,C,A,A,H,-,A,D,0,,,,,Y,,A,01,0,0,2,0,0,0,0,0,0,"- ","- ",36.906280517578125,-119.79248046875,MADERA,UNINCORPORATED,-119.79248046875,36.906280517578125
9295863,2021,2021-09-28,2001,2021-06-01,1221,530,,2,5,3,2001,0,0,0,,0,12A,"WEST ROBERTSON BL","W ROBERTSON BL 1700 BLK",0.00,,N,A,-,Y,MAD,6,233,-,-,2.320,H,-,S,N,4,0,1,2,A,-,09,21804,A,N,D,C,A,A,H,-,A,D,0,,,,,Y,,A,01,0,0,1,0,0,0,0,0,0,"- ","- ",,,MADERA,CHOWCHILLA,-120.27313232421875,37.111892700195312
9317375,2021,2021-09-27,2002,2021-08-20,1427,4584,,5,5,4,2002,0,0,0,,0,002,"D ST N","CLEVELAND AV E",248.00,N,N,A,-,N,,,,,,,,,,Y,3,0,2,3,A,-,08,22107,,N,C,C,F,A,H,-,A,D,0,Y,,,,Y,,A,01,0,2,0,0,1,0,0,0,0,"- ","- ",,,MADERA,MADERA,-120.06317138671875,36.975131988525391
91424999,2021,2021-04-19,9450,2021-03-01,1630,018075,,1,2,9,2000,0,3,5,,2,040,"COUNTY ROAD 35","AVENUE 14 1/2",374.00,S,N,A,-,N,,,,,,,,,,Y,2,0,1,1,A,-,05,21460,A,N,F,A,A,A,H,-,A,D,0,,,Y,,Y,,C,02,1,0,0,0,0,0,0,0,1,"- ","- ",36.958278656005859,-119.91191864013672,MADERA,UNINCORPORATED,-119.91201019287109,36.958301544189453
91525932,2021,2021-07-21,9450,2021-07-15,1800,021202,,4,2,4,2002,0,1,3,,2,031,"SR-99, S/B","4TH ST",100.00,S,N,A,-,Y,,,99,,,,,,S,N,3,0,1,2,A,-,03,22350,,N,C,C,A,A,H,-,A,D,0,,,,,Y,,A,07,0,1,0,0,0,0,0,0,0,"- ","- ",36.961181640625,-120.06455230712891,MADERA,MADERA,-120.06459808349609,36.961128234863281
91578374,2021,2021-09-23,9450,2021-07-07,1656,020882,,3,2,9,2000,0,3,5,,2,040,"AVENUE 9","COUNTY ROAD 33 1/2",1020.00,E,N,A,-,N,,,,,,,,,,Y,1,1,2,4,A,-,03,22350,,N,C,C,A,A,H,-,A,D,0,,,,,Y,,D,22,0,1,1,0,0,0,0,0,0,"- ","- ",36.88031005859375,-119.93128967285156,MADERA,UNINCORPORATED,-119.93468475341797,36.880290985107422
91551456,2021,2021-08-23,9450,2021-08-13,0035,019604,,5,3,9,2000,0,3,5,,2,030,"POSEY AVE","DUCOR ROAD",0.00,,Y,A,-,N,,,,,,,,,,N,4,0,1,3,A,-,01,23152,A,N,D,E,A,A,H,-,D,D,0,,,,,Y,Y,A,01,0,0,1,0,0,0,0,0,0,"- ","- ",36.946121215820312,-120.03687286376953,MADERA,UNINCORPORATED,-120.03682708740234,36.946117401123047
91624592,2021,2021-11-15,9450,2021-11-02,1701,016950,,2,2,9,2000,0,2,4,,2,045,"AVENUE 12","COUNTY ROAD 38",0.00,,Y,A,-,N,,,,,,,,,,Y,4,0,2,2,A,-,09,21802,A,N,D,C,A,A,H,-,A,A,0,,,,,Y,,A,07,0,0,2,0,0,0,0,0,0,"- ","- ",36.923049926757812,-119.85797119140625,MADERA,UNINCORPORATED,-119.85793304443359,36.923049926757812
91485673,2021,2021-05-31,9450,2021-05-20,1550,021188,,4,2,4,2002,0,1,3,,2,031,"SR-99 S/B (GOLDEN STATE HIGHWAY)","YOSEMITE AVENUE",5.00,S,N,A,-,Y,,,99,,,,,,S,Y,4,0,2,4,A,-,03,22350,,N,C,C,A,A,H,-,A,D,0,,,,,Y,,A,07,0,0,2,0,0,0,0,0,0,"- ","- ",36.959388732910156,-120.06278228759766,MADERA,MADERA,-120.06278991699219,36.959377288818359
91533779,2021,2021-07-30,9450,2021-06-24,2040,021188,,4,2,9,2000,0,3,5,,2,020,"ELLIS STREET","COUNTY ROAD 26",300.00,E,N,A,-,N,,,,,,,,,,N,3,0,1,2,A,-,08,22107,,F,C,G,A,A,H,-,B,D,0,,Y,,,Y,,A,01,0,1,0,0,0,0,1,0,0,"- ","- ",36.986930847167969,-120.07315063476562,MADERA,UNINCORPORATED,-120.07323455810547,36.986900329589844
91636641,2021,2021-11-29,9450,2021-11-23,1642,021188,,2,2,9,2000,0,1,3,,2,011,"SR-99 S/B (GOLDEN STATE HIGHWAY)","AVENUE 18 1/2",2112.00,N,N,A,-,Y,,,99,,,,,,S,Y,3,0,1,2,A,-,03,22350,,N,C,C,A,A,H,-,B,D,0,,,,,Y,,D,22,0,1,0,0,0,0,0,0,0,"- ","- ",37.023250579833984,-120.13395690917969,MADERA,UNINCORPORATED,-120.13396453857422,37.023242950439453
9339047,2021,2021-10-19,2002,2021-09-23,2137,4224,,4,5,4,2002,0,0,0,,0,003,"SCHNOOR AV","CLEVELAND AV",570.00,S,N,A,-,N,,,,,,,,,,Y,3,0,2,2,A,-,09,21804,A,N,D,C,A,A,H,-,C,D,0,,,,,Y,,A,01,0,1,1,0,0,0,0,0,0,"- ","- ",,,MADERA,MADERA,-120.08454895019531,36.972984313964844
91414338,2021,2021-02-24,9450,2021-02-15,1217,017032,,1,1,9,2000,0,1,3,,1,013,"SR152 WESTBOUND","COUNTY ROAD 16",0.00,,Y,B,-,Y,,,152,,,,,,W,N,3,0,1,2,A,-,09,21802,A,F,E,I,A,A,H,-,A,A,0,,,,,Y,,-,99,0,1,0,0,0,0,0,0,0,"- ","- ",37.084068298339844,-120.25694274902344,MADERA,UNINCORPORATED,-120.25693511962891,37.083892822265625
9323134,2021,2021-10-09,2002,2021-08-23,1850,4561,,1,5,4,2002,0,0,0,,0,001,"TOZER ST","AVE 13 1/2",0.00,,Y,A,-,N,,,,,,,,,,Y,4,0,1,2,A,-,08,22107,,N,D,C,A,A,H,-,A,A,0,,,,,Y,,A,01,0,0,1,0,0,0,0,0,0,"- ","- ",,,MADERA,MADERA,-122.95994567871094,38.424976348876953
91492152,2021,2021-06-08,9450,2021-05-27,0657,018075,,4,1,9,2000,0,1,3,,2,012,"STATE ROUTE 99 (N/B) TO STATE ROUTE 152 (W/B)","STATE ROUTE 99",48.00,W,N,A,-,Y,,,99,,,,R,,,Y,3,0,1,1,A,-,01,23152,A,N,E,J,A,A,H,-,A,D,0,,,,,Y,Y,A,01,0,1,0,0,0,0,0,0,0,"- ","- ",37.084228515625,-120.20912170410156,MADERA,UNINCORPORATED,-120.20912170410156,37.084228515625
91522522,2021,2021-07-16,9456,2021-07-07,1508,020944,,3,2,4,2002,0,3,5,,2,050,"COUNTY ROAD 233","COUNTY ROAD 420",1100.00,S,N,A,-,N,,,,,,,,,,N,4,0,1,1,A,-,08,22107,,N,E,I,A,A,H,-,A,D,0,,,,,Y,,A,01,0,0,1,0,0,0,0,0,0,"- ","- ",37.287120819091797,-119.57935333251953,MADERA,MADERA,,
91646406,2021,2021-12-08,9456,2021-11-27,1330,019856,,6,1,9,2000,0,2,4,,1,053,"COUNTY ROAD 200","QUAIL ROAD",20.00,W,N,A,-,N,,,,,,,,,,N,4,0,1,2,A,-,03,22350,,N,C,C,A,A,H,-,A,D,0,,,,,Y,,D,22,0,0,1,0,0,0,0,0,0,"- ","- ",37.205741882324219,-119.57135009765625,MADERA,UNINCORPORATED,-119.57142639160156,37.205795288085938
91473985,2021,2021-05-14,9450,2021-05-04,1957,018075,,2,2,9,2000,0,3,5,,2,040,"CHILDRENS BOULEVARD","LANES BRIDGE DRIVE",801.00,W,N,A,-,N,,,,,,,,,,N,4,0,1,1,A,-,08,22107,,N,E,J,A,A,H,-,D,D,0,,,Y,,Y,,C,02,0,0,1,0,0,0,0,0,1,"- ","- ",36.890789031982422,-119.79808807373047,MADERA,UNINCORPORATED,-119.79825592041016,36.891059875488281
91600594,2021,2021-10-19,9456,2021-10-15,1545,020787,,5,2,9,2000,0,1,3,,1,051,SR-41,"COUNTY ROAD 417",350.00,N,N,A,-,Y,,,41,,,,,,,Y,3,0,2,2,A,-,07,21658,A,N,D,C,A,A,H,-,A,D,0,,,,,Y,,A,07,0,2,0,0,0,0,0,0,0,"- ","- ",37.219768524169922,-119.70780181884766,MADERA,UNINCORPORATED,-119.70774841308594,37.219764709472656
91390409,2021,2021-01-19,9450,2021-01-13,1730,021188,,3,2,9,2000,0,3,5,,2,020,"COUNTY ROAD 26","AVENUE 18 1/2",20.00,S,N,A,-,N,,,,,,,,,,Y,4,0,1,2,A,-,03,22350,,N,C,C,A,A,H,-,B,D,0,,,,,Y,,D,22,0,0,1,0,0,0,0,0,0,"- ","- ",37.018081665039062,-120.07433319091797,MADERA,UNINCORPORATED,-120.07435607910156,37.018123626708984
91400180,2021,2021-02-01,9450,2021-01-21,2323,019604,,4,3,9,2000,0,3,5,,2,020,"AVENUE 17","COUNTY ROAD 27",0.00,,Y,A,-,N,,,,,,,,,,N,3,0,1,2,A,-,01,23152,A,N,D,C,A,A,H,-,D,D,0,,,,,Y,Y,A,01,0,1,0,0,0,0,0,0,0,"- ","- ",36.996261596679688,-120.05618286132812,MADERA,UNINCORPORATED,-120.05619049072266,36.996273040771484
91533689,2021,2021-07-30,9450,2021-07-22,1302,019105,,4,1,4,2002,0,1,3,,2,031,"N/B SR-99","CLEVELAND AVENUE",1584.00,S,N,A,-,Y,,,99,,,,,,,Y,4,0,1,3,A,-,03,22350,,N,C,C,A,A,H,-,A,D,0,,,,,Y,,A,01,0,0,1,0,0,0,0,0,0,"- ","- ",36.971420288085938,-120.07264709472656,MADERA,MADERA,-120.07264709472656,36.971420288085938
91605703,2021,2021-10-25,9450,2021-10-13,0825,017827,,3,1,9,2000,0,1,3,,1,042,"SR-41 SOUTHBOUND","AVENUE 12",3696.00,N,N,A,-,Y,,,41,,,,,,S,N,2,0,1,2,A,-,03,22350,,N,C,C,A,A,H,-,A,D,0,,,Y,,Y,,C,02,1,0,0,0,0,0,0,0,1,"- ","- ",36.930648803710938,-119.79405212402344,MADERA,UNINCORPORATED,-119.79395294189453,36.930648803710938
91555383,2021,2021-08-26,9450,2021-08-16,0825,017827,,1,1,9,2000,0,3,5,,2,030,"COUNTY ROAD 23","AVENUE 14",520.00,S,N,A,-,N,,,,,,,,,,Y,3,0,1,2,A,-,01,23152,A,N,A,C,A,A,H,-,A,D,0,,,,,Y,Y,A,01,0,1,0,0,0,0,0,0,0,"- ","- ",36.951499938964844,-120.12882995605469,MADERA,UNINCORPORATED,-120.12834167480469,36.951446533203125
91663711,2021,2021-12-28,9456,2021-12-15,1417,020944,,3,2,9,2000,0,1,3,,1,051,"COUNTY ROAD 416","COUNTY ROAD 207",520.00,S,N,A,-,Y,,,,,,,,,,Y,3,0,1,2,A,-,08,22107,,M,A,C,A,A,H,-,A,B,0,,,,,Y,,A,01,0,1,0,0,0,0,0,0,0,"- ","- ",37.148101806640625,-119.73206329345703,MADERA,UNINCORPORATED,,
91448287,2021,2021-04-12,9450,2021-04-10,1015,018551,,6,1,9,2000,0,1,3,,2,011,"SR-99 N/B","ELLIS STREET O/C",10.00,N,N,A,-,Y,,,99,,,,,,N,N,4,0,1,3,A,-,03,22350,,N,C,C,A,A,H,-,A,D,0,,,,,Y,,A,07,0,0,1,0,0,0,0,0,0,"- ","- ",36.984771728515625,-120.08689117431641,MADERA,UNINCORPORATED,-120.08681488037109,36.984859466552734
91634269,2021,2021-11-24,9456,2021-11-13,0130,020993,,6,3,9,2000,0,1,3,,1,052,SR-41,"COUNTY ROAD 222",950.00,S,N,B,-,Y,,,41,,,,,,,Y,2,0,2,1,A,-,01,23152,A,N,E,8,A,A,H,-,D,D,0,,,,,Y,Y,A,07,2,0,0,0,0,0,0,0,0,"- ","- ",37.365310668945312,-119.63060760498047,MADERA,UNINCORPORATED,-119.63063812255859,37.365318298339844
9258555,2021,2021-05-06,2002,2021-04-21,0031,4274,,3,5,4,2002,0,0,0,,0,001,"CLINTON ST","ADELAIDE AV",0.00,,Y,A,-,N,,,,,,,,,,Y,3,0,2,2,A,-,01,23153,A,N,C,E,A,A,H,-,C,D,0,,,,,Y,Y,A,01,0,1,1,0,0,0,0,0,0,"- ","- ",,,MADERA,MADERA,-120.048828125,36.963817596435547
91460807,2021,2021-05-03,9450,2021-04-18,1918,019105,,7,2,9,2000,0,3,5,,2,020,"COUNTY ROAD 26","AVENUE 20 1/2",1815.00,S,N,A,-,N,,,,,,,,,,N,2,0,3,1,A,-,01,23152,A,N,E,I,A,A,H,-,A,D,0,,,,,Y,Y,A,01,1,1,1,0,0,0,0,0,0,"- ","- ",37.042411804199219,-120.07451629638672,MADERA,UNINCORPORATED,-120.07447052001953,37.042217254638672
8872297,2021,2021-10-04,2002,2021-09-12,2311,4614,CITY,7,5,4,2002,0,0,0,,0,004,"PECAN AV W","RT 145",139.00,W,N,A,-,Y,MAD,6,145,-,-,8.060,I,6,S,Y,4,0,1,1,A,-,03,22350,,N,E,I,A,A,G,H,C,D,0,,,,,Y,,A,01,0,0,1,0,0,0,0,0,0,"- ","- ",,,MADERA,MADERA,-120.05602264404297,36.9383544921875
91384433,2021,2021-01-08,9450,2021-01-04,1740,020882,,1,2,9,2000,0,1,3,,1,042,"STATE ROUTE 41 S/B","AVENUE 15",300.00,N,N,B,-,Y,,,41,,,,,,S,Y,2,0,2,2,A,-,01,23152,A,N,C,C,A,A,H,-,C,A,0,,,Y,,Y,Y,C,02,1,0,1,0,0,0,0,0,1,"- ","- ",36.967800140380859,-119.79402160644531,MADERA,UNINCORPORATED,-119.79395294189453,36.967800140380859
91386765,2021,2021-01-13,9450,2021-01-08,2100,021202,,5,2,4,2002,0,3,5,,2,020,"ELLIS STREET","COUNTY ROAD 26",0.00,,Y,A,-,N,,,,,,,,,,Y,4,0,3,2,A,-,12,21453,A,M,D,C,A,A,H,-,C,A,0,,,,,Y,,A,01,0,0,3,0,0,0,0,0,0,"- ","- ",36.986900329589844,-120.07430267333984,MADERA,MADERA,-120.07425689697266,36.986911773681641
91390206,2021,2021-01-18,9450,2021-01-11,1350,018612,,1,1,9,2000,0,3,5,,2,010,"COUNTY ROAD 19","AVENUE 18 1/2",0.00,,Y,A,-,N,,,,,,,,,,Y,4,0,2,2,A,-,09,21802,A,N,D,C,A,A,H,-,A,D,0,,,,,Y,,A,01,0,0,2,0,0,0,0,0,0,"- ","- ",37.018341064453125,-120.20236206054688,MADERA,UNINCORPORATED,-120.20234680175781,37.018360137939453
91391458,2021,2021-01-20,9450,2021-01-17,1135,016938,,7,1,9,2000,0,3,5,,2,040,"COUNTY ROAD 400","COUNTY ROAD 33",15840.00,N,N,A,-,N,,,,,,,,,,Y,2,0,1,1,A,-,03,22350,,N,F,A,A,A,H,-,A,D,0,,,Y,,Y,,C,02,1,0,0,0,0,0,0,0,1,"- ","- ",37.058670043945312,-119.90972900390625,MADERA,UNINCORPORATED,-119.91146850585938,37.055492401123047
91391767,2021,2021-01-20,9450,2021-01-02,1238,017827,,6,1,9,2000,0,3,5,,2,020,"COUNTY ROAD 600","CIMARON ROAD",2640.00,S,N,A,-,N,,,,,,,,,,Y,3,0,1,1,A,-,08,22107,,N,E,I,A,A,H,-,A,D,0,,,,,Y,,D,22,0,1,0,0,0,0,0,0,0,"- ","- ",37.186199188232422,-119.91123199462891,MADERA,UNINCORPORATED,-119.91190338134766,37.185131072998047
91396046,2021,2021-01-28,9450,2021-01-19,1716,018075,,2,2,9,2000,0,1,3,,2,011,"SR-99 (S/B)","CLEVELAND AVENUE",50.00,N,N,A,-,Y,,,,,,,,,,Y,4,0,2,2,A,-,03,22350,,N,C,C,A,A,D,-,A,D,0,,,,,Y,,A,07,0,0,2,0,0,0,0,0,0,"- ","- ",36.974811553955078,-120.07662200927734,MADERA,UNINCORPORATED,,
91400178,2021,2021-02-01,9450,2021-01-21,2305,019385,,4,3,9,2000,0,3,5,,2,020,"COUNTY ROAD 26","AVENUE 17 1/2",0.00,,Y,A,-,N,,,,,,,,,,Y,3,0,1,2,A,-,01,23152,A,F,D,C,A,A,H,-,D,D,0,,,Y,,Y,Y,A,01,0,1,0,0,0,0,0,0,1,"- ","- ",37.003620147705078,-120.07431030273438,MADERA,UNINCORPORATED,-120.07430267333984,37.003597259521484
91400471,2021,2021-02-02,9456,2021-01-25,1140,017445,,1,1,9,2000,0,3,5,,2,050,"COUNTY ROAD 426","JOHN WEST RD",300.00,S,N,B,-,N,,,,,,,,,,Y,3,0,1,1,A,-,01,23152,A,N,E,I,A,C,H,-,A,D,0,,,,,Y,Y,A,07,0,1,0,0,0,0,0,0,0,"- ","- ",37.310348510742188,-119.61997985839844,MADERA,UNINCORPORATED,-119.61997985839844,37.310348510742188
91400644,2021,2021-02-02,9450,2021-01-21,1128,017032,,4,1,9,2000,0,1,3,,2,012,"SR-99 NORTHBOUND","ROAD 15 OVERCROSSING",3696.00,S,N,A,-,Y,,,99,,,,,,N,Y,3,0,1,1,A,-,08,22107,,N,E,I,A,A,H,-,A,D,0,,,,Y,Y,,G,25,0,1,0,0,0,0,0,0,0,"- ","- ",37.135299682617188,-120.26447296142578,MADERA,UNINCORPORATED,-120.26441955566406,37.135372161865234
91401107,2021,2021-02-02,9450,2021-01-22,2015,020882,,5,2,9,2000,0,3,5,,2,030,"AVENUE 14","COUNTY ROAD 23 1/2",100.00,E,N,B,-,N,,,,,,,,,,Y,4,0,1,1,A,-,01,23152,A,N,E,J,A,A,H,-,D,D,0,,,,,Y,Y,A,01,0,0,1,0,0,0,0,0,0,"- ","- ",36.952789306640625,-120.11882019042969,MADERA,UNINCORPORATED,-120.11896514892578,36.952850341796875
91402038,2021,2021-02-03,9450,2021-01-24,1600,018612,,7,2,4,2002,0,1,3,,2,011,"SR-99 NORTHBOUND","AVENUE 16",1056.00,N,N,C,-,Y,,,99,,,,,,N,Y,4,0,1,2,A,-,01,23152,A,N,B,C,A,B,H,-,A,D,0,,,,Y,Y,Y,A,01,0,0,1,0,0,0,0,0,0,"- ","- ",36.983898162841797,-120.08580780029297,MADERA,MADERA,-120.08580017089844,36.983913421630859
91402402,2021,2021-02-04,9456,2021-01-29,1200,020635,,5,1,9,2000,0,1,3,,2,056,SR-49,"HILLTOP LN",560.00,S,N,C,-,Y,,,49,,,,,,,Y,3,0,1,1,A,-,03,22350,,N,E,I,A,B,H,-,A,D,0,,,,,Y,,A,07,0,1,0,0,0,0,0,0,0,"- ","- ",37.384021759033203,-119.73441314697266,MADERA,UNINCORPORATED,-119.73446655273438,37.383995056152344
91402469,2021,2021-02-04,9450,2021-01-27,0532,018075,,3,3,9,2000,0,1,3,,1,041,"STATE ROUTE 145","COUNTY ROAD 33",893.00,W,N,C,-,Y,,,145,,,,,,,Y,4,0,1,1,A,-,03,22350,,N,E,H,A,B,H,-,D,D,0,,,,,Y,,A,07,0,0,1,0,0,0,0,0,0,"- ","- ",37.007610321044922,-119.94969940185547,MADERA,UNINCORPORATED,-119.94969940185547,37.007610321044922
91404095,2021,2021-02-08,9455,2021-02-02,1300,016876,,2,1,9,2000,0,1,3,,1,002,SR-140,BRIECEBURG,3168.00,W,N,B,-,Y,,,,,,,,,,Y,2,0,1,2,A,-,08,22107,,N,B,C,A,A,H,-,A,D,0,,,Y,,Y,,C,02,1,0,0,0,0,0,0,0,1,"- ","- ",37.598701477050781,-119.95909881591797,MADERA,UNINCORPORATED,,
91405198,2021,2021-02-09,9450,2021-02-05,1420,020882,,5,2,4,2002,0,1,3,,2,031,"STATE ROUTE 99 N/B","SOUTH MADERA AVENUE",40.00,N,N,A,-,Y,,,99,,,,,,N,Y,4,0,1,2,A,-,03,22350,,N,C,C,A,A,H,-,A,D,0,,,,Y,Y,,A,01,0,0,1,0,0,0,0,0,0,"- ","- ",36.953678131103516,-120.05641937255859,MADERA,MADERA,-120.05640411376953,36.953697204589844
91407518,2021,2021-02-12,9450,2021-02-11,1530,018551,,4,2,9,2000,0,2,4,,2,035,"AVENUE 12",SR-99,150.00,E,N,A,-,N,,,,,,,,,,N,4,0,1,2,A,-,07,21658,A,N,B,C,A,A,H,-,A,D,0,,,,,Y,,E,22,0,0,1,0,0,0,0,0,0,"- ","- ",36.923801422119141,-120.02123260498047,MADERA,UNINCORPORATED,-120.02243804931641,36.923931121826172
91409355,2021,2021-02-16,9456,2021-02-15,0120,021285,,1,3,9,2000,0,3,5,,2,050,"COUNTY ROAD 416","BOBCAT CT",210.00,W,N,A,-,N,,,,,,,,,,Y,4,0,1,1,A,-,08,22107,,N,E,I,A,A,H,-,D,D,0,,,,,Y,,D,22,0,0,1,0,0,0,0,0,0,"- ","- ",37.215408325195312,-119.73126983642578,MADERA,UNINCORPORATED,-119.73178863525391,37.215476989746094
91412460,2021,2021-02-22,9456,2021-02-17,1705,019856,,3,2,9,2000,0,3,5,,2,050,"COUNTY ROAD 425B","STILLMEADOW DRIVE",945.00,S,N,A,-,N,,,,,,,,,,N,4,0,1,2,A,-,05,21752,A,N,A,C,A,A,H,-,A,D,0,,,Y,,Y,,C,02,0,0,1,0,0,0,0,0,1,"- ","- ",37.307018280029297,-119.64914703369141,MADERA,UNINCORPORATED,-119.65180206298828,37.308425903320312
91413946,2021,2021-02-23,9450,2021-02-15,1035,016946,,1,1,9,2000,0,1,3,,2,011,"STATE ROUTE 99 NORTHBOUND","AVENUE 18 1/2",938.00,N,N,B,-,Y,,,99,,,,,,N,N,2,0,1,3,A,-,07,21658,A,N,C,C,A,A,H,-,A,D,0,,,Y,,Y,,A,01,1,0,0,0,0,0,0,0,1,"- ","- ",37.020389556884766,-120.13081359863281,MADERA,UNINCORPORATED,-120.13078308105469,37.020412445068359
91414309,2021,2021-02-24,9450,2021-02-15,0820,017032,,1,1,9,2000,0,1,3,,2,011,"SR-99 NORTHBOUND","AVENUE 20 1/2 O/C",730.00,S,N,C,-,Y,,,99,,,,,,N,Y,3,0,1,1,A,-,08,22107,,N,F,A,A,B,H,-,A,D,0,,,,Y,Y,,F,26,0,1,0,0,0,0,0,0,0,"- ","- ",37.041049957275391,-120.15648651123047,MADERA,UNINCORPORATED,-120.15657043457031,37.040943145751953