CASE_ID,ACCIDENT_YEAR,PROC_DATE,JURIS,COLLISION_DATE,COLLISION_TIME,OFFICER_ID,REPORTING_DISTRICT,DAY_OF_WEEK,CHP_SHIFT,POPULATION,CNTY_CITY_LOC,SPECIAL_COND,BEAT_TYPE,CHP_BEAT_TYPE,CITY_DIVISION_LAPD,CHP_BEAT_CLASS,BEAT_NUMBER,PRIMARY_RD,SECONDARY_RD,DISTANCE,DIRECTION,INTERSECTION,WEATHER_1,WEATHER_2,STATE_HWY_IND,CALTRANS_COUNTY,CALTRANS_DISTRICT,STATE_ROUTE,ROUTE_SUFFIX,POSTMILE_PREFIX,POSTMILE,LOCATION_TYPE,RAMP_INTERSECTION,SIDE_OF_HWY,TOW_AWAY,COLLISION_SEVERITY,NUMBER_KILLED,NUMBER_INJURED,PARTY_COUNT,PRIMARY_COLL_FACTOR,PCF_CODE_OF_VIOL,PCF_VIOL_CATEGORY,PCF_VIOLATION,PCF_VIOL_SUBSECTION,HIT_AND_RUN,TYPE_OF_COLLISION,MVIW,PED_ACTION,ROAD_SURFACE,ROAD_COND_1,ROAD_COND_2,LIGHTING,CONTROL_DEVICE,CHP_ROAD_TYPE,PEDESTRIAN_ACCIDENT,BICYCLE_ACCIDENT,MOTORCYCLE_ACCIDENT,TRUCK_ACCIDENT,NOT_PRIVATE_PROPERTY,ALCOHOL_INVOLVED,STWD_VEHTYPE_AT_FAULT,CHP_VEHTYPE_AT_FAULT,COUNT_SEVERE_INJ,COUNT_VISIBLE_INJ,COUNT_COMPLAINT_PAIN,COUNT_PED_KILLED,COUNT_PED_INJURED,COUNT_BICYCLIST_KILLED,COUNT_BICYCLIST_INJURED,COUNT_MC_KILLED,COUNT_MC_INJURED,PRIMARY_RAMP,SECONDARY_RAMP,LATITUDE,LONGITUDE,COUNTY,CITY,POINT_X,POINT_Y
91510676,2021,2021-07-01,9450,2021-06-21,0730,018612,,1,1,9,2000,0,2,4,,2,045,"AVENUE 12","RIVERSTONE BOULEVARD (BLVD.)",0.00,,Y,A,-,N,,,,,,,,,,Y,3,0,1,3,A,-,01,23152,A,N,C,C,A,A,H,-,A,D,0,,,,,Y,Y,A,01,0,1,0,0,0,0,0,0,0,"- ","- ",36.923229217529297,-119.80742645263672,MADERA,UNINCORPORATED,-119.81547546386719,36.92315673828125
91510782,2021,2021-07-01,9450,2021-06-21,0900,017827,,1,1,9,2000,0,1,3,,1,042,"SR-41 SOUTHBOUND","JEWEL VISTA COURT",1056.00,S,N,A,-,Y,,,41,,,,,,S,Y,3,0,1,2,A,-,01,23152,A,F,B,C,A,A,H,-,A,D,0,,,,,Y,Y,A,01,0,1,0,0,0,0,0,0,0,"- ","- ",37.082431793212891,-119.75752258300781,MADERA,UNINCORPORATED,-119.75753784179688,37.082431793212891
91511454,2021,2021-10-05,9450,2021-06-22,2041,021188,,2,2,9,2000,0,1,3,,2,012,"SR-99 S/B (GOLDEN STATE HIGHWAY)","CHOWCHILLA RIVER",528.00,S,N,A,-,Y,,,99,,,,,,S,Y,2,0,1,1,A,-,01,23152,A,N,E,I,A,A,H,-,B,D,0,,,,,Y,Y,A,01,1,0,0,0,0,0,0,0,0,"- ","- ",37.150459289550781,-120.28839111328125,MADERA,UNINCORPORATED,-120.288330078125,37.150527954101562
91511856,2021,2021-07-02,9456,2021-06-29,1700,019856,,2,2,9,2000,0,1,3,,1,051,"STATE ROUTE 41","COUNTY ROAD 416",2323.00,S,N,A,B,Y,,,41,,,,,,,Y,4,0,1,1,A,-,08,22107,,N,E,I,A,A,H,-,A,D,0,,,,,Y,,A,07,0,0,1,0,0,0,0,0,0,"- ","- ",37.194820404052734,-119.72119903564453,MADERA,UNINCORPORATED,-119.72129821777344,37.19482421875
91512329,2021,2021-07-02,9450,2021-06-22,1355,018551,,2,1,9,2000,0,3,5,,2,030,"AVENUE 14","COUNTY ROAD 19",0.00,,Y,A,-,N,,,,,,,,,,Y,2,0,1,2,A,-,09,21802,A,N,D,C,A,A,H,-,A,A,0,,,,Y,Y,,A,07,1,0,0,0,0,0,0,0,0,"- ","- ",36.952728271484375,-120.20221710205078,MADERA,UNINCORPORATED,-120.20194244384766,36.952720642089844
91512898,2021,2021-07-05,9450,2021-06-23,1410,018075,,3,2,9,2000,0,1,3,,1,043,"STATE ROUTE 41","COUNTY ROAD 200",6864.00,S,N,A,-,N,,,41,,,,,,,Y,4,0,1,2,A,-,03,22350,,N,C,C,A,A,H,-,A,D,0,,,,,Y,,A,01,0,0,1,0,0,0,0,0,0,"- ","- ",37.111068725585938,-119.7445068359375,MADERA,UNINCORPORATED,-119.74452209472656,37.111072540283203
91512943,2021,2021-07-05,9450,2021-06-25,1620,021270,,5,2,9,2000,0,1,3,,2,011,"STATE ROUTE 99 (SOUTHBOUND)","AVENUE 16",400.00,N,N,A,-,Y,,,99,,,,,,,Y,4,0,1,3,A,-,03,22350,,N,C,C,A,A,H,-,A,D,0,,,,,Y,,A,08,0,0,1,0,0,0,0,0,0,"- ","- ",36.98406982421875,-120.0863037109375,MADERA,UNINCORPORATED,-120.08627319335938,36.984096527099609
91515175,2021,2021-07-07,9456,2021-06-25,1715,020993,,5,2,4,2002,0,2,S,,2,057,"COUNTY ROAD 415","RODEO GROUNDS LANE",290.00,W,N,A,-,N,,,,,,,,,,Y,2,0,2,2,A,-,08,22107,,N,A,C,A,A,H,-,A,D,0,,,,,Y,,D,22,1,1,0,0,0,0,0,0,0,"- ","- ",37.251819610595703,-119.72413635253906,MADERA,MADERA,-119.72418212890625,37.251918792724609
91515179,2021,2021-07-07,9456,2021-06-26,1910,020944,,6,2,9,2000,0,1,3,,2,056,SR-49,"HARMONY LANE",0.80,S,N,A,-,Y,,,49,,,,,,,N,3,0,1,2,A,-,03,22350,,N,A,C,A,A,H,-,A,D,0,,,,Y,Y,Y,F,25,0,1,0,0,0,0,0,0,0,"- ","- ",37.341201782226562,-119.69219970703125,MADERA,UNINCORPORATED,-119.69219970703125,37.341197967529297
91515193,2021,2021-07-07,9450,2021-06-26,2020,021270,,6,2,9,2000,0,3,5,,2,010,"AVENUE 21","COUNTY ROAD 11",90.00,W,N,A,-,N,,,,,,,,,,Y,2,0,2,1,A,-,08,22107,,N,F,A,A,A,H,-,B,D,0,,,,,Y,,A,07,1,1,0,0,0,0,0,0,0,"- ","- ",37.0543212890625,-120.34732055664062,MADERA,UNINCORPORATED,-120.34710693359375,37.054359436035156
91515464,2021,2021-07-08,9450,2021-06-29,1536,018075,,2,2,9,2000,0,2,4,,2,045,"AVENUE 12","RIVERWALK BOULEVARD",0.00,,Y,A,-,N,,,,,,,,,,Y,2,0,2,2,A,-,09,21802,A,N,D,C,A,A,H,-,A,A,0,,,,,Y,,A,07,1,1,0,0,0,0,0,0,0,"- ","- ",36.923179626464844,-119.79936218261719,MADERA,UNINCORPORATED,,
91516583,2021,2021-11-15,9450,2021-06-27,1725,018551,,7,2,9,2000,0,1,3,,2,031,"SR-99 S/B","GATEWAY DRIVE O/C",550.00,N,N,A,-,Y,,,,,,,,,,N,4,0,1,6,A,-,04,21703,,N,C,C,A,A,D,-,A,D,0,,,,,Y,,A,01,0,0,1,0,0,0,0,0,0,"- ","- ",36.949951171875,-120.05039978027344,MADERA,UNINCORPORATED,-120.04990386962891,36.949653625488281
91517948,2021,2021-07-12,9450,2021-06-28,1654,018075,,1,2,9,2000,0,3,5,,2,040,"COUNTY ROAD 400","LILLY MOUNTAIN DRIVE",2167.00,S,N,A,-,N,,,,,,,,,,Y,3,0,1,1,A,-,08,22107,,N,E,J,A,A,H,-,A,D,0,,,,,Y,Y,A,07,0,1,0,0,0,0,0,0,0,"- ","- ",37.166660308837891,-119.83760070800781,MADERA,UNINCORPORATED,-119.83255767822266,37.175273895263672
91518039,2021,2021-07-12,9450,2021-07-01,1135,016425,,4,1,9,2000,0,3,5,,2,020,"AVENUE 17","COUNTY ROAD 26",65.00,E,N,A,-,N,,,,,,,,,,Y,3,0,2,2,A,-,09,21804,A,N,D,C,A,A,H,-,A,D,0,,,,,Y,,A,07,0,1,1,0,0,0,0,0,0,"- ","- ",36.996299743652344,-120.07392883300781,MADERA,UNINCORPORATED,-120.07402801513672,36.996349334716797
91518132,2021,2021-07-12,9450,2021-07-01,1510,018075,,4,2,9,2000,0,3,5,,2,040,"COUNTY ROAD 36","AVENUE 13 1/4",0.00,,Y,A,-,N,,,,,,,,,,Y,2,0,1,2,A,-,09,21802,A,N,D,C,A,A,H,-,A,A,0,,,,,Y,,D,22,1,0,0,0,0,0,0,0,0,"- ","- ",36.941051483154297,-119.89408874511719,MADERA,UNINCORPORATED,-119.89408874511719,36.941005706787109
91518221,2021,2021-07-12,9450,2021-07-01,1655,018551,,4,2,9,2000,0,1,3,,2,031,"SR-99 N/B","UNION PACIFIC RAILROAD O/C",180.00,N,N,A,-,Y,,,,,,,,,,N,4,0,1,2,D,-,00,,,N,B,2,A,A,H,-,A,D,0,,,,Y,Y,,-,"- ",0,0,1,0,0,0,0,0,0,"- ","- ",36.962650299072266,-120.06594848632812,MADERA,UNINCORPORATED,,
91518301,2021,2021-07-12,9450,2021-07-02,1730,020882,,5,2,9,2000,0,1,3,,2,031,"STATE ROUTE 99 S/B","AVENUE 12",2640.00,N,N,A,-,Y,,,99,,,,,,S,Y,4,0,3,2,A,-,01,23152,A,N,C,C,A,A,H,-,A,D,0,,,,,Y,Y,D,22,0,0,3,0,0,0,0,0,0,"- ","- ",36.927761077880859,-120.02522277832031,MADERA,UNINCORPORATED,-120.02529144287109,36.927700042724609
91519809,2021,2021-07-14,9456,2021-07-05,1640,020944,,1,2,9,2000,0,1,3,,1,052,SR-41,"COUNTY ROAD 630",3432.00,N,N,A,-,Y,,,41,,,,,,,N,4,0,1,1,A,-,08,22107,,N,E,I,A,A,H,-,A,D,0,,,,,Y,,A,01,0,0,1,0,0,0,0,0,0,"- ","- ",37.435791015625,-119.64331817626953,MADERA,UNINCORPORATED,-119.64346313476562,37.435634613037109
91520191,2021,2021-07-14,9450,2021-07-03,0105,020253,,6,3,9,2000,0,1,3,,2,011,"STATE ROUTE 99 N/B FROM AVENUE 17","AVENUE 17",600.00,N,N,A,-,Y,,,99,,,,R,,N,N,3,0,2,1,A,-,08,22107,,F,E,I,A,A,H,-,D,D,0,,,,,Y,,A,01,0,2,0,0,0,0,0,0,0,"- ","- ",36.999080657958984,-120.10465240478516,MADERA,UNINCORPORATED,-120.10465240478516,36.999080657958984
91521302,2021,2021-07-15,9456,2021-07-06,1345,018923,,2,1,9,2000,0,3,5,,2,050,"COUNTY ROAD 222","YOSEMITE PINES DRIVE",612.00,W,N,A,-,N,,,,,,,,,,Y,4,0,1,1,A,-,08,22107,,N,E,J,A,A,H,-,A,D,0,,,,,Y,,D,22,0,0,1,0,0,0,0,0,0,"- ","- ",37.361598968505859,-119.61270141601562,MADERA,UNINCORPORATED,-119.61286163330078,37.360282897949219
91522205,2021,2021-07-16,9450,2021-07-09,1243,019105,,5,1,4,2002,0,1,3,,2,031,"STATE ROUTE 99 S/B","S/OF SOUTH GATEWAY DRIVE",200.00,S,N,A,-,Y,,,99,,,,,,S,Y,4,0,4,4,A,-,03,22350,,N,C,C,A,A,H,-,A,D,0,,,,,Y,,A,08,0,0,4,0,0,0,0,0,0,"- ","- ",36.952880859375,-120.05541229248047,MADERA,MADERA,-120.05545806884766,36.952800750732422
91523665,2021,2021-07-19,9450,2021-07-08,1555,019105,,4,2,9,2000,0,3,5,,2,020,"ELLIS STREET","COUNTY ROAD 26",0.00,,Y,A,-,N,,,,,,,,,,Y,3,0,3,2,A,-,09,21801,A,N,D,C,A,A,H,-,A,A,0,,,,,Y,,A,01,0,2,1,0,0,0,0,0,0,"- ","- ",36.986961364746094,-120.07430267333984,MADERA,UNINCORPORATED,-120.07425689697266,36.986911773681641
91523803,2021,2021-07-19,9450,2021-07-11,1025,019105,,7,1,9,2000,0,1,3,,2,031,"S/B SR-99","AVENUE 12",2112.00,N,N,A,-,Y,,,99,,,,,,,N,4,0,2,2,A,-,03,22350,,N,C,C,A,A,H,-,A,D,0,,,Y,,Y,,C,02,0,0,2,0,0,0,0,0,2,"- ","- ",36.928951263427734,-120.02631378173828,MADERA,UNINCORPORATED,-120.02627563476562,36.928981781005859
91525760,2021,2021-08-13,9450,2021-07-13,1425,018551,,2,2,9,2000,0,1,3,,1,042,"AVENUE 12","COUNTY ROAD 30 1/2",1056.00,E,N,A,-,N,,,,,,,,,,Y,1,1,1,2,A,-,08,22107,,N,A,C,A,A,H,-,A,D,0,,,,,Y,,D,22,1,0,0,0,0,0,0,0,0,"- ","- ",36.923381805419922,-119.98914337158203,MADERA,UNINCORPORATED,-119.98854827880859,36.923385620117188
91526698,2021,2021-07-22,9450,2021-07-06,1324,016950,,2,1,9,2000,0,1,3,,2,012,"SR-99 S/B","SR-99 N/B TO SR-152 W/B OVERCROSSING",148.00,N,N,A,-,Y,,,99,,,,,,S,Y,4,0,1,1,A,-,08,22107,,N,E,I,A,A,H,-,A,D,0,,,,,Y,,D,22,0,0,1,0,0,0,0,0,0,"- ","- ",37.084381103515625,-120.21025085449219,MADERA,UNINCORPORATED,-120.21024322509766,37.084388732910156
91526842,2021,2021-07-22,9456,2021-07-10,1700,019856,,6,2,9,2000,0,1,3,,1,051,"STATE ROUTE 41","STATE ROUTE 49",315.00,S,N,A,-,Y,,,41,,,,,,,Y,2,0,1,2,A,-,01,23152,A,N,D,C,A,A,H,-,A,D,0,,,Y,,Y,Y,C,02,1,0,0,0,0,0,0,0,1,"- ","- ",37.330310821533203,-119.65643310546875,MADERA,UNINCORPORATED,-119.65640258789062,37.330284118652344
91527329,2021,2021-07-23,9450,2021-07-21,1445,020882,,3,2,4,2002,0,1,3,,2,031,"STATE ROUTE 99 S/B","FOURTH STREET",40.00,N,N,A,-,Y,,,99,,,,,,S,Y,4,0,3,3,A,-,03,22350,,N,C,C,A,A,H,-,A,D,0,,,,,Y,,A,01,0,0,3,0,0,0,0,0,0,"- ","- ",36.961540222167969,-120.06497955322266,MADERA,MADERA,-120.06500244140625,36.961517333984375
91528847,2021,2021-07-26,9450,2021-07-19,1738,021270,,1,2,9,2000,0,1,3,,2,031,"STATE ROUTE 99 (NORTHBOUND)","AVENUE 12",500.00,S,N,A,-,Y,,,99,,,,,,,Y,4,0,1,2,A,-,03,22350,,N,C,C,A,A,H,-,A,D,0,,,,,Y,,A,07,0,0,1,0,0,0,0,0,0,"- ","- ",36.921249389648438,-120.01860809326172,MADERA,UNINCORPORATED,-120.01860809326172,36.921249389648438
91530102,2021,2021-07-27,9450,2021-07-18,1045,017032,,7,1,9,2000,0,2,4,,2,035,"AVENUE 12","COUNTY ROAD 19",0.00,,Y,A,-,N,,,,,,,,,,Y,2,0,3,2,A,-,05,21752,D,N,D,C,A,A,H,-,A,A,0,,,,,Y,,D,22,1,0,2,0,0,0,0,0,0,"- ","- ",36.923721313476562,-120.20140075683594,MADERA,UNINCORPORATED,-120.20135498046875,36.923725128173828
91530799,2021,2021-07-28,9450,2021-07-18,1535,021270,,7,2,9,2000,0,1,3,,1,041,"STATE ROUTE 145","EL CAMINO ROAD",4224.00,E,N,A,-,Y,,,145,,,,,,,Y,4,0,1,2,A,-,08,22107,,N,D,C,A,A,H,-,A,D,0,,,,,Y,,A,07,0,0,1,0,0,0,0,0,0,"- ","- ",37.002719879150391,-119.96267700195312,MADERA,UNINCORPORATED,-119.96269989013672,37.0028076171875
91531130,2021,2021-07-28,9450,2021-07-20,1110,017032,,2,1,9,2000,0,1,3,,2,031,"SR-99 NORTHBOUND","MADERA AVE O/C",1056.00,S,N,A,-,Y,,,,,,,,,,Y,4,0,2,2,A,-,03,22350,,N,C,C,A,A,D,-,A,D,0,,,Y,,Y,,C,02,0,0,2,0,0,0,0,0,2,"- ","- ",36.951969146728516,-120.05365753173828,MADERA,UNINCORPORATED,-120.05335998535156,36.951816558837891
91531156,2021,2021-07-28,9450,2021-07-24,1630,021188,,6,2,9,2000,0,3,5,,2,010,"AVENUE 25","COUNTY ROAD 9",0.00,,Y,A,-,N,,,,,,,,,,Y,3,0,1,2,A,-,12,22450,A,N,D,C,A,A,H,-,A,A,0,,,,,Y,,D,22,0,1,0,0,0,0,0,0,0,"- ","- ",37.112678527832031,-120.38266754150391,MADERA,UNINCORPORATED,-120.38268280029297,37.112659454345703
91533849,2021,2021-07-30,9450,2021-07-23,1150,016950,,5,1,4,2002,0,1,3,,2,011,"SR-99 N/B","AVENUE 16",300.00,N,N,A,-,Y,,,99,,,,,,N,Y,4,0,1,2,A,-,03,22350,,N,C,C,A,A,D,-,A,D,0,,,,Y,Y,,A,08,0,0,1,0,0,0,0,0,0,"- ","- ",36.981651306152344,-120.08396911621094,MADERA,MADERA,-120.08399963378906,36.98162841796875
91533910,2021,2021-07-30,9450,2021-07-27,1600,021188,,2,2,9,2000,0,3,5,,2,010,"AVENUE 26","COUNTY ROAD 26",3696.00,E,N,A,-,N,,,,,,,,,,Y,3,0,3,1,A,-,08,22107,,N,E,I,A,A,H,-,A,D,0,,,,,Y,,A,07,0,3,0,0,0,0,0,0,0,"- ","- ",37.126640319824219,-120.06067657470703,MADERA,UNINCORPORATED,-120.06192779541016,37.126781463623047
91535116,2021,2021-08-02,9450,2021-07-21,1105,017032,,3,1,9,2000,0,3,5,,2,030,"AVENUE 9","COUNTY ROAD 28",579.00,E,N,A,-,N,,,,,,,,,,Y,2,0,1,2,A,-,08,22107,,N,B,C,A,A,H,-,A,D,0,,,,,Y,,A,07,1,0,0,0,0,0,0,0,0,"- ","- ",36.880348205566406,-120.03547668457031,MADERA,UNINCORPORATED,-120.03546905517578,36.880325317382812
91535134,2021,2021-08-02,9450,2021-03-04,0155,021188,,4,3,4,2002,0,1,3,,2,011,"SR-99 S/B (GOLDEN STATE HIGHWAY","AVENUE 16",5.00,N,N,A,-,Y,,,99,,,,,,S,N,1,1,0,2,A,-,11,21954,A,F,G,B,E,A,D,H,D,D,0,Y,,,,Y,,N,60,0,0,0,1,0,0,0,0,0,"- ","- ",36.981319427490234,-120.08406066894531,MADERA,MADERA,-120.08403015136719,36.981342315673828
91535731,2021,2021-08-03,9456,2021-07-27,0620,020787,,2,1,9,2000,0,2,4,,1,054,"COUNTY ROAD 274","GILPIN LANE",2112.00,S,N,A,-,N,,,,,,,,,,Y,2,0,1,1,A,-,08,22107,,N,F,A,A,A,H,-,B,D,0,,,,,Y,,A,01,1,0,0,0,0,0,0,0,0,"- ","- ",37.247020721435547,-119.50604248046875,MADERA,UNINCORPORATED,-119.50605773925781,37.248741149902344
91535749,2021,2021-08-03,9456,2021-07-28,1810,019856,,3,2,9,2000,0,1,3,,1,051,"STATE ROUTE 41","COUNTY ROAD 416",170.00,S,N,A,-,Y,,,41,,,,,,,N,4,0,1,3,A,-,08,22107,,N,B,C,A,A,H,-,A,D,0,,,,,Y,,A,01,0,0,1,0,0,0,0,0,0,"- ","- ",37.201759338378906,-119.72276306152344,MADERA,UNINCORPORATED,-119.72279357910156,37.201774597167969
91535769,2021,2021-08-03,9450,2021-07-22,1441,018075,,4,2,9,2000,0,1,3,,1,042,"STATE ROUTE 41 (S/B) TO CHILDRENS BOULEVARD","CHILDRENS BOULEVARD",350.00,N,N,A,-,Y,,,41,,,,R,,,Y,3,0,1,1,A,-,01,23152,A,M,E,J,A,A,H,-,A,D,0,,,,,Y,Y,A,01,0,1,0,0,0,0,0,0,0,"- ","- ",36.893760681152344,-119.79450988769531,MADERA,UNINCORPORATED,-119.79450988769531,36.893760681152344
91536955,2021,2021-08-04,9450,2021-07-30,1430,021270,,5,2,9,2000,0,3,5,,2,020,"COUNTY ROAD 603","COUNTY ROAD 602",765.00,W,N,A,-,N,,,,,,,,,,Y,4,0,1,1,A,-,08,22107,,N,E,I,A,A,H,-,A,D,0,,,,,Y,,A,07,0,0,1,0,0,0,0,0,0,"- ","- ",37.119438171386719,-119.98281860351562,MADERA,UNINCORPORATED,-119.98314666748047,37.119350433349609
91541360,2021,2021-08-10,9450,2021-08-02,2105,021188,,1,2,9,2000,0,3,5,,2,020,"GREENTREE AVENUE","TULIP ROAD",0.00,,Y,A,-,N,,,,,,,,,,Y,3,0,1,2,A,-,01,23152,A,N,E,I,A,A,H,-,D,A,0,,,,,Y,Y,A,01,0,1,0,0,0,0,0,0,0,"- ","- ",37.016338348388672,-120.05938720703125,MADERA,UNINCORPORATED,-120.05922698974609,37.016216278076172
91541576,2021,2021-08-10,9450,2021-08-02,1840,020882,,1,2,9,2000,0,3,5,,2,030,"AVENUE 15","COUNTY ROAD 29",0.00,,Y,A,-,N,,,,,,,,,,Y,4,0,1,2,A,-,12,22450,A,N,D,C,A,A,H,-,A,A,0,,,,,Y,,A,07,0,0,1,0,0,0,0,0,0,"- ","- ",36.967090606689453,-120.01957702636719,MADERA,UNINCORPORATED,-120.01959228515625,36.967132568359375
91541857,2021,2021-08-11,9450,2021-08-03,1606,018075,,2,2,9,2000,0,3,5,,2,040,"COUNTY ROAD 209","STATE ROUTE 41",665.00,N,N,A,-,N,,,,,,,,,,Y,4,0,1,2,A,-,05,21460,A,N,D,C,A,A,H,-,A,D,0,,,Y,,Y,,C,02,0,0,1,0,0,0,0,0,1,"- ","- ",37.021930694580078,-119.79395294189453,MADERA,UNINCORPORATED,-119.79392242431641,37.021720886230469
91542460,2021,2021-08-11,9450,2021-08-04,2120,016341,,3,2,9,2000,0,1,3,,2,031,"STATE ROUTE 99 N/B","AVENUE 12",200.00,N,N,A,-,Y,,,99,,,,,,N,N,3,0,2,2,A,-,03,22350,,N,C,C,A,A,D,-,D,D,0,,,,,Y,,A,07,0,1,1,0,0,0,0,0,0,"- ","- ",36.924568176269531,-120.02262115478516,MADERA,UNINCORPORATED,-120.02261352539062,36.924575805664062
91545427,2021,2021-08-16,9450,2021-08-06,1744,021188,,5,2,9,2000,0,3,5,,2,020,"ELLIS STREET","COUNTY ROAD 26",250.00,W,N,A,-,N,,,,,,,,,,N,4,0,1,2,A,-,03,22350,,N,C,C,A,A,H,-,A,A,0,,,,,Y,,A,01,0,0,1,0,0,0,0,0,0,"- ","- ",36.986911773681641,-120.07523345947266,MADERA,UNINCORPORATED,-120.07511901855469,36.986911773681641
91545467,2021,2021-08-16,9456,2021-08-09,2318,021285,,1,3,9,2000,0,1,3,,2,056,SR-49,"REDBUD DRIVE",385.00,N,N,A,-,Y,,,49,,,,,,,Y,3,0,1,1,C,-,18,,,N,H,H,A,A,H,-,D,D,0,,,Y,,Y,,-,"- ",0,1,0,0,0,0,0,0,1,"- ","- ",37.337921142578125,-119.66934204101562,MADERA,UNINCORPORATED,-119.66937255859375,37.337837219238281
91546945,2021,2021-08-17,9450,2021-08-10,1550,018551,,2,2,9,2000,0,1,3,,2,011,"SR-99 S/B","AVENUE 18 1/2",2640.00,S,N,A,-,Y,,,99,,,,,,S,Y,3,0,1,3,A,-,03,22350,,N,C,C,A,A,H,-,A,D,0,,,,Y,Y,,G,25,0,1,0,0,0,0,0,0,0,"- ","- ",37.013721466064453,-120.12226867675781,MADERA,UNINCORPORATED,-120.12229919433594,37.013687133789062
91546990,2021,2021-08-17,9450,2021-08-15,0135,021188,,7,3,9,2000,0,3,5,,2,030,"AVENUE 7","COUNTY ROAD 13",500.00,E,N,A,-,N,,,,,,,,,,Y,3,0,1,1,A,-,08,22107,,N,F,A,A,A,H,-,D,D,0,,,,,Y,,A,01,0,1,0,0,0,0,0,0,0,"- ","- ",36.851760864257812,-120.31887054443359,MADERA,UNINCORPORATED,-120.3153076171875,36.851028442382812
91547291,2021,2021-08-17,9456,2021-08-16,1013,020993,,1,1,4,2002,0,1,3,,1,051,SR-41,"COUNTY ROAD 415",1056.00,N,N,A,-,Y,,,,,,,,,,Y,4,0,1,2,A,-,03,22350,,N,C,C,A,A,H,-,A,D,0,,,,,Y,,A,01,0,0,1,0,0,0,0,0,0,"- ","- ",37.262470245361328,-119.69825744628906,MADERA,MADERA,-119.69821166992188,37.262493133544922
91547333,2021,2021-08-17,9456,2021-08-05,1727,020944,,4,2,3,2001,0,3,5,,2,050,"COUNTY ROAD 225","LARK LN",100.00,S,N,A,-,N,,,,,,,,,,N,3,0,1,1,A,-,01,23152,A,N,E,I,A,A,H,-,A,D,0,,,,,Y,Y,A,07,0,1,0,0,0,0,0,0,0,"- ","- ",37.20989990234375,-119.47915649414062,MADERA,CHOWCHILLA,-119.4791259765625,37.209793090820312
91548388,2021,2021-08-18,9450,2021-08-06,1600,018075,,5,2,9,2000,0,1,3,,1,042,"STATE ROUTE 41","AVENUE 9",1390.00,N,N,A,-,Y,,,41,,,,,,,Y,4,0,1,2,A,-,08,22107,,N,D,C,A,A,H,-,A,D,0,,,,,Y,,D,22,0,0,1,0,0,0,0,0,0,"- ","- ",36.884819030761719,-119.793212890625,MADERA,UNINCORPORATED,-119.79311370849609,36.884819030761719
91549712,2021,2021-08-19,9456,2021-08-11,2055,020635,,3,2,9,2000,0,1,3,,1,051,SR-41,"COUNTY ROAD 425B",1500.00,N,N,A,-,Y,,,41,,,,,,,N,2,0,1,1,A,-,08,22107,,N,F,I,A,A,H,-,A,D,0,,,,,Y,,A,01,1,0,0,0,0,0,0,0,0,"- ","- ",37.30419921875,-119.6505126953125,MADERA,UNINCORPORATED,-119.65053558349609,37.304180145263672
91550471,2021,2021-08-20,9450,2021-08-17,2145,016341,,2,2,9,2000,0,1,3,,2,031,"STATE ROUTE 99 N/B","AVENUE 12",2000.00,S,N,A,-,Y,,,99,,,,,,N,N,4,0,1,2,A,-,03,22350,,N,C,C,A,A,D,-,D,D,0,,,,,Y,,A,01,0,0,1,0,0,0,0,0,0,"- ","- ",36.919700622558594,-120.01667022705078,MADERA,UNINCORPORATED,-120.01664733886719,36.919727325439453
91552048,2021,2021-08-23,9450,2021-08-13,0325,019604,,5,3,9,2000,0,1,3,,2,031,"STATE ROUTE 99","AVENUE 12",1056.00,S,N,A,-,Y,,,99,,,,,,,Y,3,0,1,1,A,-,08,22107,,N,F,A,A,A,H,-,D,D,0,,,,,Y,,A,07,0,1,0,0,0,0,0,0,0,"- ","- ",36.921501159667969,-120.01879119873047,MADERA,UNINCORPORATED,-120.01885223388672,36.921413421630859
91552470,2021,2021-08-24,9450,2021-08-15,0520,020253,,7,3,9,2000,0,1,3,,2,031,"STATE ROUTE 99 N/B","AVENUE 12",1815.00,N,N,A,-,Y,,,99,,,,,,N,Y,2,0,1,1,A,-,08,22107,,N,F,A,A,A,H,-,D,D,0,,,Y,,Y,,C,02,1,0,0,0,0,0,0,0,1,"- ","- ",36.927879333496094,-120.02548217773438,MADERA,UNINCORPORATED,-120.02532958984375,36.928016662597656
91552921,2021,2021-08-24,9456,2021-08-19,1608,021269,,4,2,9,2000,0,1,3,,1,052,"STATE ROUTE 41","CIVIC CIRCLE",330.00,N,N,A,-,Y,,,41,,,,,,,Y,4,0,1,2,A,-,09,21804,A,N,D,C,A,A,H,-,A,D,0,,,,,Y,,A,01,0,0,1,0,0,0,0,0,0,"- ","- ",37.332309722900391,-119.65290069580078,MADERA,UNINCORPORATED,-119.65289306640625,37.332294464111328