CASE_ID,ACCIDENT_YEAR,PROC_DATE,JURIS,COLLISION_DATE,COLLISION_TIME,OFFICER_ID,REPORTING_DISTRICT,DAY_OF_WEEK,CHP_SHIFT,POPULATION,CNTY_CITY_LOC,SPECIAL_COND,BEAT_TYPE,CHP_BEAT_TYPE,CITY_DIVISION_LAPD,CHP_BEAT_CLASS,BEAT_NUMBER,PRIMARY_RD,SECONDARY_RD,DISTANCE,DIRECTION,INTERSECTION,WEATHER_1,WEATHER_2,STATE_HWY_IND,CALTRANS_COUNTY,CALTRANS_DISTRICT,STATE_ROUTE,ROUTE_SUFFIX,POSTMILE_PREFIX,POSTMILE,LOCATION_TYPE,RAMP_INTERSECTION,SIDE_OF_HWY,TOW_AWAY,COLLISION_SEVERITY,NUMBER_KILLED,NUMBER_INJURED,PARTY_COUNT,PRIMARY_COLL_FACTOR,PCF_CODE_OF_VIOL,PCF_VIOL_CATEGORY,PCF_VIOLATION,PCF_VIOL_SUBSECTION,HIT_AND_RUN,TYPE_OF_COLLISION,MVIW,PED_ACTION,ROAD_SURFACE,ROAD_COND_1,ROAD_COND_2,LIGHTING,CONTROL_DEVICE,CHP_ROAD_TYPE,PEDESTRIAN_ACCIDENT,BICYCLE_ACCIDENT,MOTORCYCLE_ACCIDENT,TRUCK_ACCIDENT,NOT_PRIVATE_PROPERTY,ALCOHOL_INVOLVED,STWD_VEHTYPE_AT_FAULT,CHP_VEHTYPE_AT_FAULT,COUNT_SEVERE_INJ,COUNT_VISIBLE_INJ,COUNT_COMPLAINT_PAIN,COUNT_PED_KILLED,COUNT_PED_INJURED,COUNT_BICYCLIST_KILLED,COUNT_BICYCLIST_INJURED,COUNT_MC_KILLED,COUNT_MC_INJURED,PRIMARY_RAMP,SECONDARY_RAMP,LATITUDE,LONGITUDE,COUNTY,CITY,POINT_X,POINT_Y
91554894,2021,2021-08-26,9450,2021-08-15,2320,018075,,7,3,9,2000,0,1,3,,2,011,"STATE ROUTE 99 (S/B)","AVENUE 20 1/2",1500.00,S,N,A,-,Y,,,99,,,,,,,N,4,0,1,2,A,-,03,22350,,N,C,C,A,A,C,-,D,D,0,,,,,Y,,A,01,0,0,1,0,0,0,0,0,0,"- ","- ",37.039710998535156,-120.15522003173828,MADERA,UNINCORPORATED,-120.15524291992188,37.039669036865234
91556963,2021,2021-08-27,9450,2021-08-18,2250,020406,,3,3,9,2000,0,3,5,,2,030,"AVENUE 11","COUNTY ROAD 29 1/2",750.00,W,N,A,-,N,,,,,,,,,,Y,3,0,1,1,A,-,08,22107,,N,E,I,A,A,H,-,D,D,0,,,,,Y,Y,A,01,0,1,0,0,0,0,0,0,0,"- ","- ",36.909469604492188,-120.01126098632812,MADERA,UNINCORPORATED,-120.01293182373047,36.909393310546875
91557420,2021,2021-08-30,9456,2021-08-20,1743,020944,,5,2,4,2002,0,1,3,,1,051,SR-41,"PONY EXPRESS LANE",3.00,S,N,A,-,Y,,,,,,,,,,Y,3,0,1,1,A,-,01,23152,A,N,E,I,A,A,H,-,A,D,0,,,,,Y,,A,01,0,1,0,0,0,0,0,0,0,"- ","- ",37.264091491699219,-119.69098663330078,MADERA,MADERA,-119.69094848632812,37.264068603515625
91559859,2021,2021-08-31,9450,2021-08-21,0119,019604,,6,3,9,2000,0,3,5,,2,020,"COUNTY ROAD 600","COUNTY ROAD 31",10560.00,N,N,A,-,N,,,,,,,,,,Y,2,0,2,1,A,-,08,22107,,N,F,A,A,A,H,-,D,D,0,,,,,Y,,A,07,2,0,0,0,0,0,0,0,0,"- ","- ",37.0814208984375,-119.96317291259766,MADERA,UNINCORPORATED,-119.96469879150391,37.079513549804688
91562275,2021,2021-09-03,9450,2021-08-24,1052,017032,,2,1,9,2000,0,3,5,,2,030,"AVENUE 7 1/2 WESTBOUND","COUNTY ROAD 6",2112.00,E,N,A,-,N,,,,,,,,,,Y,4,0,2,2,A,-,01,23152,A,M,C,C,A,A,H,-,A,D,0,,,,,Y,Y,D,22,0,0,2,0,0,0,0,0,0,"- ","- ",36.858291625976562,-120.42875671386719,MADERA,UNINCORPORATED,-120.42867279052734,36.858345031738281
91562290,2021,2021-09-03,9450,2021-08-24,0550,016950,,2,3,9,2000,0,3,5,,2,010,"AVENUE 18 1/2","COUNTY ROAD 9",0.00,,Y,A,-,N,,,,,,,,,,Y,4,0,2,2,A,-,09,21802,A,N,D,C,A,A,H,-,A,A,0,,,,,Y,,D,22,0,0,2,0,0,0,0,0,0,"- ","- ",37.018039703369141,-120.38336181640625,MADERA,UNINCORPORATED,-120.38336181640625,37.018043518066406
91564232,2021,2021-09-07,9456,2021-08-30,0320,018970,,1,3,9,2000,0,3,5,,2,050,"COUNTY ROAD 416",SR-41,107.00,W,N,A,-,N,,,,,,,,,,Y,4,0,1,1,A,-,08,22107,,N,E,J,A,A,H,-,C,D,0,,,,,Y,,A,01,0,0,1,0,0,0,0,0,0,"- ","- ",37.202190399169922,-119.72308349609375,MADERA,UNINCORPORATED,-119.72299957275391,37.202194213867188
91565085,2021,2021-09-08,9450,2021-09-01,2305,020253,,3,3,9,2000,0,1,3,,2,031,"STATE ROUTE 99 S/B","AVENUE 9",2500.00,N,N,A,-,Y,,,99,,,,,,S,Y,3,0,1,1,A,-,01,23152,A,N,F,8,A,A,H,-,A,D,0,,,,,Y,Y,A,01,0,1,0,0,0,0,0,0,0,"- ","- ",36.886188507080078,-119.98216247558594,MADERA,UNINCORPORATED,-119.98213958740234,36.886211395263672
91565774,2021,2021-09-08,9450,2021-08-27,0710,016950,,5,1,9,2000,0,3,5,,2,020,"COUNTY ROAD 26","AVENUE 17",0.00,,Y,A,-,N,,,,,,,,,,Y,4,0,1,2,A,-,12,21453,A,N,D,C,A,A,H,-,A,A,0,,,,,Y,,J,41,0,0,1,0,0,0,0,0,0,"- ","- ",36.996341705322266,-120.07437133789062,MADERA,UNINCORPORATED,-120.07424926757812,36.996353149414062
91566253,2021,2021-09-09,9450,2021-09-02,2144,021270,,4,2,9,2000,0,1,3,,2,011,"STATE ROUTE 99 (NORTHBOUND)","AVENUE 17",1795.00,N,N,A,-,Y,,,99,,,,,,,Y,4,0,3,4,A,-,03,22350,,N,C,C,A,A,D,-,D,D,0,,,,,Y,,A,08,0,0,3,0,0,0,0,0,0,"- ","- ",37.000511169433594,-120.10600280761719,MADERA,UNINCORPORATED,-120.10597991943359,37.000530242919922
91566482,2021,2021-09-09,9450,2021-08-27,1150,016950,,5,1,9,2000,0,1,3,,2,011,"SR-99 NB","AVENUE 21 1/2",5280.00,S,N,A,-,Y,,,99,,,,,,N,Y,4,0,1,2,A,-,08,22107,,N,E,I,A,A,H,-,A,D,0,,,,,Y,,A,01,0,0,1,0,0,0,0,0,0,"- ","- ",37.051090240478516,-120.16737365722656,MADERA,UNINCORPORATED,-120.16746520996094,37.050971984863281
91567526,2021,2021-09-10,9456,2021-08-31,2010,020993,,2,2,9,2000,0,1,3,,1,051,SR-41,"COUNTY ROAD 415",0.00,,Y,A,-,Y,,,41,,,,,,,Y,4,0,2,2,A,-,09,21802,B,N,D,C,A,A,H,-,C,D,0,,,,,Y,,D,22,0,0,2,0,0,0,0,0,0,"- ","- ",37.261260986328125,-119.70144653320312,MADERA,UNINCORPORATED,-119.70140075683594,37.261192321777344
91569656,2021,2021-09-14,9450,2021-09-01,0450,020406,,3,3,9,2000,0,1,3,,2,012,"SR-99 S/B","AVENUE 24",2112.00,S,N,A,-,Y,,,99,,,,,,S,Y,3,0,1,2,A,-,03,22350,,N,C,C,A,A,H,-,D,D,0,,,,,Y,,A,01,0,1,0,0,0,0,0,0,0,"- ","- ",37.092330932617188,-120.21424865722656,MADERA,UNINCORPORATED,-120.21419525146484,37.092342376708984
91569697,2021,2021-09-27,9450,2021-09-01,0939,017827,,3,1,9,2000,0,3,5,,2,030,"COUNTY ROAD 33","AVENUE 7",0.00,,Y,A,-,N,,,,,,,,,,N,3,0,1,2,A,-,09,21802,A,N,D,C,A,A,H,-,A,A,0,,,,,Y,,A,01,0,1,0,0,0,0,0,0,0,"- ","- ",36.851699829101562,-119.94455718994141,MADERA,UNINCORPORATED,-119.94451141357422,36.851696014404297
91573087,2021,2021-09-17,9450,2021-09-13,1540,018551,,1,2,9,2000,0,3,5,,2,030,"AVENUE 14","COUNTY ROAD 24",0.00,,Y,A,-,N,,,,,,,,,,N,4,0,2,2,A,-,03,22350,,N,C,C,A,A,H,-,A,D,0,,,,,Y,,A,08,0,0,2,0,0,0,0,0,0,"- ","- ",36.952869415283203,-120.11048889160156,MADERA,UNINCORPORATED,-120.11026000976562,36.952838897705078
91573196,2021,2021-09-17,9450,2021-09-15,1340,020882,,3,1,9,2000,0,3,5,,2,040,"HIGHWAY 41","AVENUE 9",0.00,,Y,B,-,N,,,41,,,,,,,Y,4,0,1,2,A,-,09,21801,A,N,D,C,A,A,H,-,A,D,0,,,,,Y,,A,01,0,0,1,0,0,0,0,0,0,"- ","- ",36.880870819091797,-119.792236328125,MADERA,UNINCORPORATED,-119.79264831542969,36.880863189697266
91573686,2021,2021-09-20,9450,2021-09-07,0140,019105,,2,3,9,2000,0,1,3,,2,012,"SR-99 NORTHBOUND","AVENUE 18 1/2",500.00,N,N,A,-,Y,,,99,,,,,,N,Y,3,0,1,1,A,-,01,23152,A,N,E,I,A,A,H,-,D,D,0,,,,,Y,Y,A,01,0,1,0,0,0,0,0,0,0,"- ","- ",37.019279479980469,-120.12998962402344,MADERA,UNINCORPORATED,-120.12987518310547,37.019393920898438
91580798,2021,2021-09-27,9450,2021-09-18,1444,018612,,6,2,9,2000,0,3,5,,2,010,"SR-233 (ROBERTSON BLVD)","SR-233 TO SR-152 EASTBOUND",0.00,,Y,A,-,Y,,,233,,,,,,,N,3,0,2,2,A,-,09,21801,A,N,D,C,A,A,H,-,A,D,0,,,,,Y,,D,22,0,2,0,0,0,0,0,0,0,"- ","- ",37.082210540771484,-120.29850769042969,MADERA,UNINCORPORATED,-120.29850769042969,37.082206726074219
91580920,2021,2021-09-27,9450,2021-09-24,1405,018612,,5,2,9,2000,0,3,5,,2,010,"SR-233 (ROBERTSON BLVD)","AVENUE 22 1/2",118.00,N,N,A,-,Y,,,,,,,,,,Y,2,0,3,1,A,-,08,22107,,N,E,I,A,A,H,-,A,D,0,,,,,Y,,A,01,2,1,0,0,0,0,0,0,0,"- ","- ",37.078739166259766,-120.30133819580078,MADERA,UNINCORPORATED,,
91581513,2021,2021-09-28,9450,2021-09-16,1551,018075,,4,2,9,2000,0,2,4,,2,045,"AVENUE 12","RIVERWALK BOULEVARD",67.00,E,N,A,-,N,,,,,,,,,,Y,2,0,1,4,A,-,03,22350,,N,C,C,A,A,H,-,A,D,0,,,,,Y,,D,22,1,0,0,0,0,0,0,0,0,"- ","- ",36.923191070556641,-119.79901123046875,MADERA,UNINCORPORATED,-119.79925537109375,36.923229217529297
91582649,2021,2021-09-29,9450,2021-09-21,2020,019705,,2,2,9,2000,0,1,3,,2,012,"SR-99 SOUTHBOUND","AVENUE 26",2640.00,N,N,A,-,Y,,,99,,,,,,S,Y,4,0,1,3,A,-,03,22350,,N,C,C,A,A,H,-,D,D,0,,,,Y,Y,,G,25,0,0,1,0,0,0,0,0,0,"- ","- ",37.129989624023438,-120.25711059570312,MADERA,UNINCORPORATED,-120.25707244873047,37.130043029785156
91582696,2021,2021-09-29,9450,2021-09-21,0458,019105,,2,3,9,2000,0,1,3,,1,042,"SR-41 NORTHBOUND","COUNTY ROAD 406",1056.00,S,N,A,-,Y,,,41,,,,,,N,Y,2,0,2,1,A,-,08,22107,,N,E,I,A,A,H,-,D,D,0,,,,,Y,,A,07,1,1,0,0,0,0,0,0,0,"- ","- ",37.091480255126953,-119.75402069091797,MADERA,UNINCORPORATED,-119.75400543212891,37.091476440429688
91582807,2021,2021-09-29,9450,2021-09-20,0735,017032,,1,1,9,2000,0,1,3,,2,031,"SR-99 NORTHBOUND","AVENUE 9 OVERCROSSING",3696.00,S,N,A,-,Y,,,99,,,,,,N,Y,4,0,2,4,A,-,03,22350,,N,C,C,A,A,H,-,A,D,0,,,,,Y,,A,01,0,0,2,0,0,0,0,0,0,"- ","- ",36.872291564941406,-119.96745300292969,MADERA,UNINCORPORATED,-119.96741485595703,36.872322082519531
91583102,2021,2021-09-29,9450,2021-09-22,1725,018551,,3,2,9,2000,0,3,5,,2,020,"FAIRMEAD BLVD","ARC DRIVE",2400.00,N,N,A,-,N,,,,,,,,,,N,2,0,1,1,A,-,08,22107,,N,F,A,A,A,H,-,A,D,0,,,Y,,Y,,C,02,1,0,0,0,0,0,0,0,1,"- ","- ",37.089271545410156,-120.21259307861328,MADERA,UNINCORPORATED,-120.21305084228516,37.091075897216797
91583697,2021,2021-09-30,9456,2021-09-28,1505,021269,,2,2,9,2000,0,1,3,,1,052,SR-41,"COUNTY ROAD 630",5280.00,N,N,A,-,Y,,,41,,,,,,,Y,3,0,2,1,A,-,08,22107,,N,E,I,A,A,H,-,A,D,0,,,,,Y,,A,07,0,2,0,0,0,0,0,0,0,"- ","- ",37.437328338623047,-119.64308929443359,MADERA,UNINCORPORATED,-119.64315795898438,37.437385559082031
91583788,2021,2021-09-30,9450,2021-09-25,1559,021188,,6,2,9,2000,0,3,5,,2,020,"MELBA DRIVE","AVENUE 17",30.00,N,N,A,-,N,,,,,,,,,,N,4,0,1,2,A,-,21,22106,,N,C,C,A,A,H,-,A,A,0,,,,,Y,,D,22,0,0,1,0,0,0,0,0,0,"- ","- ",36.996631622314453,-120.08688354492188,MADERA,UNINCORPORATED,-120.08680725097656,36.99652099609375
91586210,2021,2021-10-01,9450,2021-09-22,1419,018075,,3,2,9,2000,0,3,5,,2,030,"FIREBAUGH BOULEVARD","AVENUE 7",3052.00,N,N,A,-,N,,,,,,,,,,Y,4,0,1,2,A,-,06,21750,A,N,B,C,A,A,H,-,A,D,0,,,,,Y,,A,07,0,0,1,0,0,0,0,0,0,"- ","- ",36.864021301269531,-120.33232116699219,MADERA,UNINCORPORATED,-120.34091949462891,36.859161376953125
91587697,2021,2021-10-04,9450,2021-09-22,2123,018075,,3,2,4,2002,0,3,5,,2,040,"RIVERWALK BOULEVARD","MARKET AVENUE",10.00,N,N,A,-,N,,,,,,,,,,Y,4,0,1,2,A,-,09,21801,A,N,D,C,A,A,H,-,C,A,0,,,,,Y,,A,01,0,0,1,0,0,0,0,0,0,"- ","- ",36.920589447021484,-119.79878997802734,MADERA,MADERA,,
91588796,2021,2021-10-05,9450,2021-09-30,0440,021202,,4,3,9,2000,0,3,5,,2,030,"AVENUE 14","COUNTY ROAD 14",1245.00,W,N,A,-,N,,,,,,,,,,Y,2,0,1,1,A,-,08,22107,,N,E,I,A,A,H,-,D,D,0,,,,,Y,,A,01,1,0,0,0,0,0,0,0,0,"- ","- ",36.952720642089844,-120.29615783691406,MADERA,UNINCORPORATED,-120.29596710205078,36.952770233154297
91589519,2021,2021-10-06,9450,2021-04-15,1400,021202,,4,2,9,2000,0,3,5,,2,020,"ROAD 613","ROAD 800",12197.00,W,N,A,-,N,,,,,,,,,,Y,1,1,0,1,A,-,08,22107,,N,F,A,A,A,H,-,A,D,0,,,Y,,Y,,C,02,0,0,0,0,0,0,0,1,0,"- ","- ",37.262641906738281,-119.93650817871094,MADERA,UNINCORPORATED,-119.92493438720703,37.254013061523438
91589825,2021,2021-10-06,9450,2021-09-30,2015,019705,,4,2,9,2000,0,3,5,,2,020,"AVENUE 21","COUNTY ROAD 28 1/2",0.00,,Y,A,-,N,,,,,,,,,,Y,4,0,2,2,A,-,09,21801,A,N,D,C,A,A,H,-,D,D,0,,,,,Y,,A,01,0,0,2,0,0,0,0,0,0,"- ","- ",37.054210662841797,-120.02947998046875,MADERA,UNINCORPORATED,-120.02922821044922,37.05426025390625
91594001,2021,2021-10-12,9456,2021-10-04,1120,018923,,1,1,9,2000,0,2,4,,1,053,"COUNTY ROAD 200","QUAIL CREEK ROAD",200.00,S,N,A,-,N,,,,,,,,,,Y,2,0,1,1,C,-,18,,,N,H,H,A,A,H,-,B,D,0,,,Y,,Y,,-,"- ",1,0,0,0,0,0,0,0,1,"- ","- ",37.205379486083984,-119.57141876220703,MADERA,UNINCORPORATED,-119.57148742675781,37.20526123046875
91594011,2021,2021-10-12,9456,2021-10-08,1245,020635,,5,1,9,2000,0,2,4,,1,053,"COUNTY ROAD 200","LEPREHCAUN LANE",1280.00,E,N,B,-,N,,,,,,,,,,Y,4,0,1,1,A,-,08,22107,,N,E,I,A,A,H,-,A,D,0,,,,,Y,,D,22,0,0,1,0,0,0,0,0,0,"- ","- ",37.15740966796875,-119.6463623046875,MADERA,UNINCORPORATED,-119.64649963378906,37.157436370849609
91596443,2021,2021-10-14,9450,2021-10-08,1100,021270,,5,1,9,2000,0,1,3,,2,031,"STATE ROUTE 99 (SOUTHBOUND)","AVENUE 11 (OVERCROSSING)",300.00,N,N,A,-,Y,,,99,,,,,,,Y,4,0,1,2,A,-,07,21658,A,N,B,C,A,A,H,-,A,D,0,,,,Y,Y,,G,25,0,0,1,0,0,0,0,0,0,"- ","- ",36.910068511962891,-120.00694274902344,MADERA,UNINCORPORATED,-120.00691986083984,36.910087585449219
91596747,2021,2021-10-14,9450,2021-10-09,1307,021188,,6,1,9,2000,0,3,5,,2,030,"AVENUE 22 1/2","COUNTY ROAD 22",0.00,,Y,A,-,N,,,,,,,,,,Y,2,0,3,2,A,-,12,22450,A,N,D,C,A,A,H,-,A,A,0,,,,,Y,Y,A,01,1,2,0,0,0,0,0,0,0,"- ","- ",36.945610046386719,-120.11028289794922,MADERA,UNINCORPORATED,-120.14704132080078,37.069057464599609
91596816,2021,2021-10-14,9450,2021-10-13,1610,018551,,3,2,9,2000,0,1,3,,2,031,"SR-99 S/B TO SR-145 OFF RAMP",SR-145,450.00,N,N,A,-,Y,,,,,,,,,,N,4,0,1,3,A,-,03,22350,,N,C,C,A,A,H,-,A,D,0,,,,,Y,,A,08,0,0,1,0,0,0,0,0,0,"- ","- ",36.954441070556641,-120.05795288085938,MADERA,UNINCORPORATED,-120.05615234375,36.953281402587891
91598999,2021,2021-10-18,9450,2021-10-15,1626,021188,,5,2,9,2000,0,3,5,,2,030,"AVENUE 7 1/2","COUNTY ROAD 7",60.00,E,N,A,-,N,,,,,,,,,,Y,4,0,1,2,A,-,03,22350,,N,C,C,A,A,H,-,A,D,0,,,,,Y,,D,22,0,0,1,0,0,0,0,0,0,"- ","- ",36.858379364013672,-119.41766357421875,MADERA,UNINCORPORATED,-120.41759490966797,36.858409881591797
91600198,2021,2021-10-19,9450,2021-10-15,1900,021270,,5,2,9,2000,0,1,3,,1,042,"STATE ROUTE 41 (NORTHBOUND)","CHILDREN'S BLVD",2112.00,N,N,A,-,Y,,,41,,,,,,,Y,4,0,2,2,A,-,03,22350,,N,C,C,A,A,H,-,D,D,0,,,,,Y,,D,22,0,0,2,0,0,0,0,0,0,"- ","- ",36.899238586425781,-119.79242706298828,MADERA,UNINCORPORATED,-119.79242706298828,36.899238586425781
91600388,2021,2021-10-19,9450,2021-10-09,1800,021202,,6,2,9,2000,0,1,3,,2,012,"STATE ROUTE 99 S/B TO SR-152 W/B","STATE ROUTE 152",90.00,N,N,A,-,Y,,,99,,,,R,,S,Y,4,0,1,1,A,-,01,23152,A,N,E,I,A,A,H,-,A,D,0,,,Y,,Y,Y,C,02,0,0,1,0,0,0,0,0,1,"- ","- ",37.084571838378906,-120.21163940429688,MADERA,UNINCORPORATED,-120.21163940429688,37.084571838378906
91600733,2021,2021-10-19,9450,2021-10-10,1555,018551,,7,2,9,2000,0,1,3,,2,031,"SR-99 N/B","AVENUE 11 O/C",500.00,S,N,A,-,Y,,,99,,,,,,N,N,4,0,2,2,A,-,01,23152,A,M,B,C,A,A,H,-,A,D,0,,,,,Y,Y,A,07,0,0,2,0,0,0,0,0,0,"- ","- ",36.909000396728516,-120.00536346435547,MADERA,UNINCORPORATED,-120.00541687011719,36.908939361572266
91603699,2021,2021-10-22,9450,2021-10-16,0603,019604,,6,1,9,2000,0,3,5,,2,030,"COUNTY ROAD 24","AVENUE 14",0.00,,Y,A,-,N,,,,,,,,,,Y,4,0,2,2,A,-,12,22450,A,N,D,C,A,A,H,-,D,D,0,,,,,Y,,A,01,0,0,2,0,0,0,0,0,0,"- ","- ",36.952800750732422,-120.11070251464844,MADERA,UNINCORPORATED,-120.11026000976562,36.952838897705078
91608104,2021,2021-10-27,9450,2021-10-12,1850,018612,,2,2,9,2000,0,3,5,,2,010,"AVENUE 18 1/2","COUNTY ROAD 22",440.00,W,N,A,-,N,,,,,,,,,,Y,4,0,1,1,A,-,08,22107,,M,E,I,A,A,H,-,D,D,0,,,,,Y,Y,A,01,0,0,1,0,0,0,0,0,0,"- ","- ",37.018341064453125,-120.14859771728516,MADERA,UNINCORPORATED,-120.14852905273438,37.018234252929688
91608845,2021,2021-10-28,9450,2021-10-18,0625,017827,,1,1,9,2000,0,1,3,,1,037,"SR-145 SOUTHBOUND","JOHN F. KENNEDY CT.",160.00,S,N,A,-,Y,,,145,,,,,,S,N,2,0,1,3,A,-,03,22350,,N,C,C,A,A,H,-,B,D,0,,,,,Y,,A,08,1,0,0,0,0,0,0,0,0,"- ","- ",36.853038787841797,-120.05596160888672,MADERA,UNINCORPORATED,-120.055908203125,36.853038787841797
91612292,2021,2021-11-01,9450,2021-10-29,1543,021270,,5,2,9,2000,0,3,5,,2,020,"RAYMOND ROAD","COUNTY ROAD 28",0.00,,Y,A,-,N,,,,,,,,,,Y,4,0,1,2,A,-,09,21801,A,N,D,C,A,A,H,-,A,D,0,,,,,Y,,A,01,0,0,1,0,0,0,0,0,0,"- ","- ",36.981269836425781,-120.03795623779297,MADERA,UNINCORPORATED,-120.03793334960938,36.981250762939453
91614674,2021,2021-11-03,9456,2021-10-25,0555,019856,,1,3,9,2000,0,2,4,,1,053,"COUNTY ROAD 200","FINE GOLD CREEK",280.00,W,N,B,C,N,,,,,,,,,,Y,4,0,1,1,C,-,18,,,N,E,J,A,B,H,-,D,D,0,,,,,Y,,-,"- ",0,0,1,0,0,0,0,0,0,"- ","- ",37.177799224853516,-119.63044738769531,MADERA,UNINCORPORATED,,
91615234,2021,2021-11-03,9450,2021-10-31,0230,019604,,7,3,9,2000,0,1,3,,2,031,"STATE ROUTE 99 NORTHBOUND","AVENUE 11",200.00,N,N,A,-,Y,,,99,,,,,,N,Y,3,0,1,1,A,-,01,23152,A,N,F,A,A,A,H,-,D,D,0,,,,,Y,Y,A,01,0,1,0,0,0,0,0,0,0,"- ","- ",36.910549163818359,-120.00711822509766,MADERA,UNINCORPORATED,-120.00711059570312,36.910564422607422
91615295,2021,2021-11-03,9456,2021-10-25,0445,021555,,1,3,9,2000,0,1,S,,2,904,"STATE SOUTE 41","JEWEL VISTA COURT",30.00,N,N,C,-,Y,,,,,,,,,,Y,3,0,2,2,A,-,05,21460,A,N,A,C,A,B,G,-,D,D,0,,,,,Y,,D,22,0,2,0,0,0,0,0,0,0,"- ","- ",37.085010528564453,-119.75691986083984,MADERA,UNINCORPORATED,,
91618209,2021,2021-11-08,9456,2021-11-05,2234,021555,,5,3,9,2000,0,2,S,,2,057,"COUNTY ROAD 415","CITY VIEW DRIVE",294.00,W,N,A,-,N,,,,,,,,,,Y,3,0,1,1,A,-,01,23152,A,N,E,I,A,A,H,-,D,D,0,,,,,Y,Y,A,01,0,1,0,0,0,0,0,0,0,"- ","- ",37.243511199951172,-119.73136138916016,MADERA,UNINCORPORATED,-119.73136138916016,37.243701934814453
91618630,2021,2021-11-08,9450,2021-10-25,0542,017827,,1,3,9,2000,0,1,3,,1,037,"RAYMOND ROAD","ELLIS STREET",528.00,W,N,A,-,N,,,,,,,,,,Y,2,0,1,1,A,-,08,22107,,N,H,I,A,A,H,-,A,D,0,,,,,Y,,A,08,1,0,0,0,0,0,0,0,0,"- ","- ",36.985050201416016,-120.02921295166016,MADERA,UNINCORPORATED,-120.0286865234375,36.986598968505859
91620845,2021,2021-11-09,9456,2021-11-02,1540,020993,,2,2,9,2000,0,1,3,,1,051,SR-41,"COUNTY ROAD 416",0.00,,Y,A,-,Y,,,41,,,,,,,Y,4,0,1,2,A,-,09,21802,A,N,D,C,A,A,H,-,A,D,0,,,,,Y,,D,22,0,0,1,0,0,0,0,0,0,"- ","- ",37.202068328857422,-119.72274017333984,MADERA,UNINCORPORATED,-119.72267913818359,37.202041625976562
91621632,2021,2021-11-10,9450,2021-11-03,1250,017032,,3,1,9,2000,0,1,3,,2,031,"SR-99 NORTHBOUND","AVENUE 9 OVERCROSSING",1584.00,S,N,A,-,Y,,,99,,,,,,N,Y,4,0,1,2,A,-,08,22107,,N,C,C,A,A,H,-,A,D,0,,,,Y,Y,,A,01,0,0,1,0,0,0,0,0,0,"- ","- ",36.877998352050781,-119.97379302978516,MADERA,UNINCORPORATED,-119.97380065917969,36.877979278564453
91622006,2021,2021-11-10,9450,2021-11-04,0600,016341,,4,1,9,2000,0,3,5,,2,010,"AVENUE 18 1/2","COUNTY ROAD 21",2400.00,E,N,A,-,N,,,,,,,,,,Y,3,0,1,1,A,-,08,22107,,N,E,J,A,A,H,-,D,D,0,,,,,Y,,A,01,0,1,0,0,0,0,0,0,0,"- ","- ",37.018318176269531,-120.15756988525391,MADERA,UNINCORPORATED,-120.15782165527344,37.018260955810547
91622069,2021,2021-11-10,9456,2021-10-30,1837,020944,,6,2,4,2002,0,3,5,,2,050,"COUNTY ROAD 274","ROAD 331",230.00,E,N,A,-,N,,,,,,,,,,N,3,0,1,1,A,-,01,23152,A,N,E,I,A,A,H,-,D,D,0,,,,,Y,Y,D,22,0,1,0,0,0,0,0,0,0,"- ","- ",37.334690093994141,-119.57598876953125,MADERA,MADERA,-123.94952392578125,40.021965026855469
91625767,2021,2021-11-16,9450,2021-11-05,2000,020759,,5,2,9,2000,0,3,5,,2,040,"AVENUE 12 1/2","COUNTY ROAD 35 1/2",1034.00,E,N,A,-,N,,,,,,,,,,Y,3,0,1,1,A,-,08,22107,,M,E,I,A,A,H,-,D,D,0,,,,,Y,,D,22,0,1,0,0,0,0,0,0,0,"- ","- ",36.930210113525391,-119.89958953857422,MADERA,UNINCORPORATED,-119.89973449707031,36.930290222167969
91628272,2021,2021-11-18,9450,2021-11-09,1025,017032,,2,1,9,2000,0,1,3,,2,031,"SR-99 SOUTHBOUND","AVENUE 11 OVERCROSSING",2112.00,N,N,B,-,Y,,,99,,,,,,S,Y,4,0,2,2,A,-,07,21658,A,N,B,2,A,B,H,-,A,D,0,,,,Y,Y,,A,01,0,0,2,0,0,0,0,0,0,"- ","- ",36.913589477539062,-120.01049041748047,MADERA,UNINCORPORATED,-120.01052856445312,36.913551330566406