CASE_ID,ACCIDENT_YEAR,PROC_DATE,JURIS,COLLISION_DATE,COLLISION_TIME,OFFICER_ID,REPORTING_DISTRICT,DAY_OF_WEEK,CHP_SHIFT,POPULATION,CNTY_CITY_LOC,SPECIAL_COND,BEAT_TYPE,CHP_BEAT_TYPE,CITY_DIVISION_LAPD,CHP_BEAT_CLASS,BEAT_NUMBER,PRIMARY_RD,SECONDARY_RD,DISTANCE,DIRECTION,INTERSECTION,WEATHER_1,WEATHER_2,STATE_HWY_IND,CALTRANS_COUNTY,CALTRANS_DISTRICT,STATE_ROUTE,ROUTE_SUFFIX,POSTMILE_PREFIX,POSTMILE,LOCATION_TYPE,RAMP_INTERSECTION,SIDE_OF_HWY,TOW_AWAY,COLLISION_SEVERITY,NUMBER_KILLED,NUMBER_INJURED,PARTY_COUNT,PRIMARY_COLL_FACTOR,PCF_CODE_OF_VIOL,PCF_VIOL_CATEGORY,PCF_VIOLATION,PCF_VIOL_SUBSECTION,HIT_AND_RUN,TYPE_OF_COLLISION,MVIW,PED_ACTION,ROAD_SURFACE,ROAD_COND_1,ROAD_COND_2,LIGHTING,CONTROL_DEVICE,CHP_ROAD_TYPE,PEDESTRIAN_ACCIDENT,BICYCLE_ACCIDENT,MOTORCYCLE_ACCIDENT,TRUCK_ACCIDENT,NOT_PRIVATE_PROPERTY,ALCOHOL_INVOLVED,STWD_VEHTYPE_AT_FAULT,CHP_VEHTYPE_AT_FAULT,COUNT_SEVERE_INJ,COUNT_VISIBLE_INJ,COUNT_COMPLAINT_PAIN,COUNT_PED_KILLED,COUNT_PED_INJURED,COUNT_BICYCLIST_KILLED,COUNT_BICYCLIST_INJURED,COUNT_MC_KILLED,COUNT_MC_INJURED,PRIMARY_RAMP,SECONDARY_RAMP,LATITUDE,LONGITUDE,COUNTY,CITY,POINT_X,POINT_Y
91759438,2021,2022-04-28,9450,2021-11-14,0011,020253,,7,3,9,2000,0,2,4,,2,045,"AVENUE 12","COUNTY ROAD 36 1/2",0.00,,Y,E,-,N,,,,,,,,,,Y,1,1,4,2,A,-,01,23152,G,N,A,C,A,B,H,-,D,D,0,,,,,Y,Y,A,07,4,0,0,0,0,0,0,0,0,"- ","- ",36.923049926757812,-119.88520050048828,MADERA,UNINCORPORATED,-119.88514709472656,36.923038482666016
91769120,2021,2022-05-10,9450,2021-12-10,1809,018612,,5,2,9,2000,0,1,3,,2,012,"STATE ROUTE 99 NORTHBOUND","AVENUE 21 1/2",6864.00,N,N,A,-,Y,,,99,,,,,,N,Y,1,1,1,3,A,-,08,22107,,N,C,E,E,A,H,-,D,D,0,Y,,,,Y,,D,22,0,1,0,1,0,0,0,0,0,"- ","- ",37.07952880859375,-120.20291900634766,MADERA,UNINCORPORATED,-120.20297241210938,37.0794677734375
91792201,2021,2022-06-09,9456,2021-07-07,2352,021555,,3,3,9,2000,0,3,5,,2,050,"ROAD 427 (SCHOOL ROAD)","ELLIOTT DRIVE",185.00,E,N,A,-,N,,,,,,,,,,N,1,1,0,2,A,-,11,21954,A,F,G,B,E,A,H,-,D,D,0,Y,,,,Y,,N,60,0,0,0,1,0,0,0,0,0,"- ","- ",37.329780578613281,-119.64054870605469,MADERA,UNINCORPORATED,-119.64066314697266,37.329750061035156
9192767,2021,2021-06-09,2002,2021-05-04,1539,4499,MSC,2,5,4,2002,0,0,0,,0,004,"MADERA AV S","ALMOND AV W",0.00,,Y,A,-,Y,MAD,6,145,-,-,8.564,I,5,S,Y,4,0,1,3,A,-,12,21453,,N,D,C,A,A,H,-,A,A,0,,,,,Y,,A,01,0,0,1,0,0,0,0,0,0,"- ","- ",,,MADERA,MADERA,-120.0560302734375,36.945575714111328
9207366,2021,2021-03-22,2002,2021-01-04,1751,4464,,1,5,4,2002,0,0,0,,0,004,"PECAN AV E","GOLDEN STATE BE S",0.00,,Y,A,-,N,,,,,,,,,,N,3,0,1,2,A,-,08,22107,,N,D,C,A,B,H,-,C,D,0,,,,,Y,,A,01,0,1,0,0,0,0,0,0,0,"- ","- ",,,MADERA,MADERA,-120.03816986083984,36.938106536865234
9208044,2021,2021-03-01,2002,2021-01-13,1229,4467,,3,5,4,2002,0,0,0,,0,001,"RT 145","MAGNOLIA ST",61.00,W,N,A,-,Y,MAD,6,145,-,-,10.520,H,-,N,Y,2,0,1,3,A,-,05,21460,A,N,D,C,A,A,H,-,A,A,0,,,Y,,Y,,D,22,1,0,0,0,0,0,0,0,1,"- ","- ",,,MADERA,MADERA,-120.04950714111328,36.968849182128906
9208048,2021,2021-03-10,2002,2021-01-11,1833,4614,,1,5,4,2002,0,0,0,,0,002,"RAYMOND RD","CLEVELAND AV E",29.00,N,N,A,-,N,,,,,,,,,,N,3,0,1,2,A,-,11,21950,B,N,D,B,D,A,H,-,C,A,0,Y,,,,Y,,N,60,0,1,0,0,1,0,0,0,0,"- ","- ",,,MADERA,MADERA,-120.04445648193359,36.974662780761719
9211201,2021,2021-03-12,2002,2021-01-03,1719,4461,,7,5,4,2002,0,0,0,,0,001,"VINEYARD AV","CROSS ST",18.00,S,N,A,-,N,,,,,,,,,,N,3,0,1,1,A,-,08,22107,,N,H,G,A,A,H,-,C,D,0,,Y,,,Y,,L,04,0,1,0,0,0,0,1,0,0,"- ","- ",,,MADERA,MADERA,-120.05126953125,36.964973449707031
9219747,2021,2021-03-13,2002,2021-01-13,1456,4614,,3,5,4,2002,0,0,0,,0,001,"4TH ST E","C ST N",0.00,,Y,A,-,N,,,,,,,,,,Y,4,0,1,2,A,-,09,21802,A,N,D,C,A,A,H,-,A,D,0,,,,,Y,,A,01,0,0,1,0,0,0,0,0,0,"- ","- ",,,MADERA,MADERA,-120.05929565429688,36.965141296386719
9221927,2021,2021-03-15,2001,2021-02-05,1752,530,,5,5,3,2001,0,0,0,,0,12A,"WEST ROBERTSON BL","WASHINGTON RD",0.00,,Y,A,-,N,,,,,,,,,,Y,2,0,1,2,A,-,09,21804,A,N,D,C,A,A,H,-,B,A,0,,,Y,,Y,,A,,1,0,0,0,0,0,0,0,1,"- ","- ",,,MADERA,CHOWCHILLA,-120.27236938476562,37.112785339355469
9222839,2021,2021-03-17,2002,2021-01-12,2140,3657,,2,5,4,2002,0,0,0,,0,002,"ELLIS ST E","KROHN ST",420.00,W,N,A,-,N,,,,,,,,,,Y,4,0,1,1,A,-,08,22107,,N,E,I,A,A,H,-,E,D,0,,,,,Y,,A,01,0,0,1,0,0,0,0,0,0,"- ","- ",,,MADERA,MADERA,-120.08531951904297,36.986839294433594
9225238,2021,2021-03-05,2002,2021-01-31,1650,4515,MSC,7,5,4,2002,0,0,0,,0,003,"SUNSET AV","4TH ST W",181.00,N,N,B,-,N,,,,,,,,,,Y,2,0,1,1,A,-,01,23152,A,N,E,I,A,A,H,-,A,A,0,,,,,Y,Y,A,01,1,0,0,0,0,0,0,0,0,"- ","- ",,,MADERA,MADERA,-120.06767272949219,36.960136413574219
9227369,2021,2021-04-02,2002,2021-02-16,1709,3386,MADER,2,5,4,2002,0,0,0,,0,003,"NATIONAL AV","ACCORNERO AV",253.00,W,N,A,-,N,,,,,,,,,,Y,3,0,1,2,A,-,09,21801,A,N,D,C,A,A,H,-,A,D,0,,,,,Y,,A,01,0,1,0,0,0,0,0,0,0,"- ","- ",,,MADERA,MADERA,-120.08096313476562,36.958293914794922
9227387,2021,2021-04-19,2002,2021-03-05,1815,4466,,5,5,4,2002,0,0,0,,0,002,"LAKE ST N","RIVERVIEW DR",0.00,,Y,A,-,N,,,,,,,,,,Y,3,0,1,2,A,-,05,21651,A,N,A,C,A,A,H,-,C,A,0,,,Y,,Y,,C,06,0,1,0,0,0,0,0,0,1,"- ","- ",,,MADERA,MADERA,,
9227388,2021,2021-04-19,2002,2021-03-06,2354,4483,,6,5,4,2002,0,0,0,,0,001,"CLINTON ST","MAGNOLIA ST",118.00,W,N,A,-,N,,,,,,,,,,Y,2,0,1,2,A,-,01,23152,A,N,C,E,A,A,H,-,C,D,0,,,,,Y,Y,A,01,1,0,0,0,0,0,0,0,0,"- ","- ",,,MADERA,MADERA,-120.04563903808594,36.965774536132812
9231283,2021,2021-03-04,2002,2021-02-01,2230,3567,CITY,1,5,4,2002,0,0,0,,0,003,"YOSEMITE AV W","I ST N",0.00,,Y,A,-,N,,,,,,,,,,N,4,0,2,2,A,-,03,22350,,N,D,C,A,A,H,-,C,A,0,,,,,Y,,J,41,0,0,2,0,0,0,0,0,0,"- ","- ",,,MADERA,MADERA,-120.06373596191406,36.959201812744141
9242607,2021,2021-04-19,2002,2021-03-22,1722,4466,,1,5,4,2002,0,0,0,,0,001,"COUNTY ROAD 28","LADA AVE",335.00,N,N,A,-,N,,,,,,,,,,Y,3,0,2,3,A,-,08,22107,,N,B,C,A,A,H,-,A,A,0,,,,,Y,,D,22,0,2,0,0,0,0,0,0,0,"- ","- ",,,MADERA,MADERA,-120.03752899169922,36.947391510009766
9243908,2021,2021-04-29,2002,2021-03-03,1842,4407,,3,5,4,2002,0,0,0,,0,002,"KENNEDY ST E","JESSIE DR",0.00,,Y,A,-,N,,,,,,,,,,Y,3,0,2,2,A,-,09,21802,A,N,D,C,A,A,H,-,C,A,0,,,,,Y,,A,01,0,1,1,0,0,0,0,0,0,"- ","- ",,,MADERA,MADERA,-120.05059814453125,36.981727600097656
9256551,2021,2023-06-17,2002,2021-07-30,2158,4467,,5,5,4,2002,0,0,0,,0,004,"RT 145","STANFORD AV",556.00,S,N,A,-,Y,MAD,6,145,-,-,7.710,H,-,N,Y,1,1,0,2,A,-,11,21954,A,N,G,B,E,A,H,-,D,D,0,Y,,,,Y,Y,N,60,0,0,0,1,0,0,0,0,0,"- ","- ",,,MADERA,MADERA,-120.05605316162109,36.933261871337891
9257275,2021,2021-05-17,2002,2021-04-10,0927,4614,CITY,6,5,4,2002,0,0,0,,0,001,"6TH ST","VINEYARD AV",0.00,,Y,A,-,N,,,,,,,,,,N,4,0,1,2,A,-,10,21950,,N,G,B,B,A,H,-,A,A,0,Y,,,,Y,,A,01,0,0,1,0,1,0,0,0,0,"- ","- ",,,MADERA,MADERA,-120.05185699462891,36.965431213378906
9257276,2021,2021-05-17,2002,2021-04-11,0435,3277,,7,5,4,2002,0,0,0,,0,001,"TOZER ST S","AVE 15",190.00,N,N,A,-,N,,,,,,,,,,Y,3,0,1,1,A,-,01,23152,A,N,F,I,A,A,H,-,D,D,0,,,,,Y,Y,A,01,0,1,0,0,0,0,0,0,0,"- ","- ",,,MADERA,MADERA,-120.03782653808594,36.967613220214844
9258557,2021,2021-05-06,2002,2021-04-16,2103,4483,,5,5,4,2002,0,0,0,,0,001,"OLIVE AV E","ROOSEVELT AV",64.00,E,N,A,-,N,,,,,,,,,,N,2,0,1,2,A,-,11,21954,A,N,G,B,D,A,H,-,C,D,0,Y,,,,Y,,N,60,1,0,0,0,1,0,0,0,0,"- ","- ",,,MADERA,MADERA,-120.04642486572266,36.9527587890625
9264069,2021,2021-05-26,2002,2021-04-12,1027,3567,CITY,1,5,4,2002,0,0,0,,0,001,"YOSEMITE AV E","C ST N",0.00,,Y,A,-,Y,MAD,6,145,-,-,9.910,I,5,S,N,2,0,1,2,A,-,10,21950,,N,G,B,B,A,-,-,A,A,0,Y,,,,Y,,A,01,1,0,0,0,1,0,0,0,0,"- ","- ",,,MADERA,MADERA,-120.05743408203125,36.963306427001953
9265018,2021,2021-06-03,2002,2021-05-01,2233,4612,2002,6,5,4,2002,0,0,0,,0,002,"ELLIS ST E","LAKE ST N",245.00,E,N,A,-,N,,,,,,,,,,N,3,0,1,2,A,-,11,21954,A,N,G,B,D,A,H,-,C,D,0,Y,,,,Y,,N,60,0,1,0,0,1,0,0,0,0,"- ","- ",,,MADERA,MADERA,-120.05538177490234,36.986831665039062
9274349,2021,2021-07-28,2002,2021-06-05,2141,4634,,6,5,4,2002,0,0,0,,0,002,"RAYMOND RD","CLEVELAND AV E",465.00,E,N,A,-,N,,,,,,,,,,N,2,0,1,2,A,-,11,21954,A,N,G,B,D,A,H,-,C,D,0,Y,,,,Y,,N,60,1,0,0,0,1,0,0,0,0,"- ","- ",,,MADERA,MADERA,-120.04350280761719,36.975582122802734
9275750,2021,2021-06-16,2002,2021-06-07,1417,3608,MADER,1,5,4,2002,0,0,0,,0,001,"9TH ST E","C ST S",168.00,E,N,A,-,N,,,,,,,,,,N,4,0,5,2,A,-,03,22350,,N,C,C,A,A,H,-,A,A,0,,,,,Y,,J,48,0,0,5,0,0,0,0,0,0,"- ","- ",,,MADERA,MADERA,-120.05284881591797,36.959674835205078
9277161,2021,2021-07-13,2002,2021-05-28,1150,4634,,5,5,4,2002,0,0,0,,0,001,"12TH ST","LAKE ST",38.00,W,N,A,-,N,,,,,,,,,,Y,3,0,1,1,A,-,08,22107,,N,E,I,A,A,H,-,A,D,0,,,,,Y,Y,A,01,0,1,0,0,0,0,0,0,0,"- ","- ",,,MADERA,MADERA,-120.04708099365234,36.958362579345703
9277162,2021,2021-07-13,2002,2021-05-30,2015,4612,,7,5,4,2002,0,0,0,,0,004,"LEWIS ST","MADERA AV",308.00,W,N,A,-,N,,,,,,,,,,N,3,0,1,2,A,-,03,22350,A,F,G,B,D,A,H,-,B,D,0,Y,,,,Y,,A,01,0,1,0,0,1,0,0,0,0,"- ","- ",,,MADERA,MADERA,-120.05711364746094,36.951908111572266
9278079,2021,2021-07-12,2002,2021-05-11,1207,3567,CITY,2,5,4,2002,0,0,0,,0,,"CLEVELAND AV","GATEWAY DR N",35.00,E,N,A,-,N,,,,,,,,,,N,3,0,1,2,A,-,05,21650,1,N,D,G,A,A,H,-,A,A,0,,Y,,,Y,,L,04,0,1,0,0,0,0,1,0,0,"- ","- ",,,MADERA,MADERA,-120.07460021972656,36.974937438964844
9278324,2021,2021-07-29,2002,2021-06-05,2308,4462,,6,5,4,2002,0,0,0,,0,002,"KENNEDY ST","MERCED ST",215.00,W,N,A,-,N,,,,,,,,,,Y,2,0,1,1,A,-,08,22107,,N,E,I,A,A,H,-,C,D,0,,,,,Y,Y,A,01,1,0,0,0,0,0,0,0,0,"- ","- ",,,MADERA,MADERA,-120.05324554443359,36.981731414794922
9278332,2021,2021-07-12,2002,2021-06-01,2042,4560,MADER,2,5,4,2002,0,0,0,,0,003,"AVE 16","GATEWAY DR",195.00,E,N,A,-,N,,,,,,,,,,Y,4,0,1,2,A,-,03,22350,,N,C,C,A,A,H,-,C,D,0,,,Y,,Y,Y,A,01,0,0,1,0,0,0,0,0,1,"- ","- ",,,MADERA,MADERA,-120.08212280273438,36.980930328369141
9280171,2021,2021-06-24,2002,2021-06-05,1543,4535,,6,5,4,2002,0,0,0,,0,004,"MADERA AV","LEWIS ST",23.00,S,N,A,-,Y,MAD,6,145,-,-,8.990,H,-,N,Y,4,0,1,2,A,-,09,21801,,N,D,C,A,A,H,-,A,D,0,,,,,Y,,A,01,0,0,1,0,0,0,0,0,0,"- ","- ",,,MADERA,MADERA,-120.05606842041016,36.951698303222656
9280456,2021,2021-07-07,2002,2021-06-13,1458,4483,MADER,7,5,4,2002,0,0,0,,0,003,"CLEVELAND AV E","RT 99",0.00,,Y,A,-,Y,MAD,6,99,-,-,12.001,R,4,S,N,3,0,2,4,A,-,03,22350,,N,C,C,A,A,H,-,A,A,0,,,,,Y,,A,01,0,1,1,0,0,0,0,0,0,"- ",SO,,,MADERA,MADERA,-120.07494354248047,36.973358154296875
9282306,2021,2021-10-14,2002,2021-06-15,0234,3386,MADER,2,5,4,2002,0,0,0,,0,001,"4TH ST E","D ST N",11.00,E,N,A,-,N,,,,,,,,,,N,1,1,0,2,A,-,11,21456,C,N,G,B,B,A,H,-,C,A,0,Y,,,,Y,,N,60,0,0,0,1,0,0,0,0,0,"- ","- ",,,MADERA,MADERA,-120.06033325195312,36.964458465576172
9283997,2021,2021-11-30,2002,2021-11-03,1643,4467,,3,5,4,2002,0,0,0,,0,001,"5TH ST","D ST N",45.00,W,N,A,-,N,,,,,,,,,,Y,3,0,1,4,A,-,01,23152,,N,H,E,A,A,H,-,A,A,0,,,,,Y,Y,A,01,0,1,0,0,0,0,0,0,0,"- ","- ",,,MADERA,MADERA,-120.05953979492188,36.963451385498047
9286620,2021,2021-07-26,2002,2021-07-12,0005,3277,,1,5,4,2002,0,0,0,,0,001,"C ST S","13TH ST",36.00,S,N,A,-,N,,,,,,,,,,Y,3,0,1,4,A,-,01,23152,A,M,B,E,A,A,H,-,C,D,0,,,,,Y,,A,01,0,1,0,0,0,0,0,0,0,"- ","- ",,,MADERA,MADERA,-120.04901885986328,36.955242156982422
9289669,2021,2021-07-27,2002,2021-06-26,1732,4483,,6,5,4,2002,0,0,0,,0,003,SUNSERT,"PINE ST N",0.00,,Y,A,-,N,,,,,,,,,,N,3,0,2,2,A,-,09,21802,A,N,D,C,A,A,H,-,A,A,0,,,,,Y,,A,01,0,1,1,0,0,0,0,0,0,"- ","- ",,,MADERA,MADERA,-120.07404327392578,36.960109710693359
9294037,2021,2021-09-10,2002,2021-07-16,0028,4274,,5,5,4,2002,0,0,0,,0,004,"PERKINS RD","CONRAD ST",6.00,W,N,A,-,N,,,,,,,,,,Y,3,0,1,1,A,-,01,23152,A,N,E,I,A,A,H,-,C,A,0,,,,,Y,Y,A,01,0,1,0,0,0,0,0,0,0,"- ","- ",,,MADERA,MADERA,-120.05579376220703,36.936500549316406
9294515,2021,2021-08-05,2001,2021-06-13,1019,530,,7,5,3,2001,0,0,0,,0,12A,"N 5TH ST","KINGS AV",0.00,,Y,A,-,N,,,,,,,,,,Y,4,0,1,3,A,-,12,22450,A,N,A,C,A,A,H,-,A,A,0,,,,,Y,,A,,0,0,1,0,0,0,0,0,0,"- ","- ",,,MADERA,CHOWCHILLA,-120.26364135742188,37.121517181396484
9294517,2021,2021-08-10,2001,2021-06-05,0440,18,,6,5,3,2001,0,0,0,,0,00B,"WEST ROBERTSON BL","PALM PKY",0.00,,N,A,-,N,,,,,,,,,,Y,2,0,1,2,A,-,07,21658,,N,C,E,A,A,H,-,B,D,0,,,,Y,Y,,A,,1,0,0,0,0,0,0,0,0,"- ","- ",,,MADERA,CHOWCHILLA,-120.27619171142578,37.1082763671875
9301560,2021,2021-10-01,2002,2021-08-26,2050,4224,,4,5,4,2002,0,0,0,,0,003,"4TH ST","I ST",0.00,,Y,A,-,N,,,,,,,,,,Y,4,0,1,2,A,-,12,21453,A,N,D,C,A,-,H,-,C,A,0,,,,,Y,,A,01,0,0,1,0,0,0,0,0,0,"- ","- ",,,MADERA,MADERA,-120.06541442871094,36.961082458496094
9301581,2021,2021-09-18,2002,2021-08-28,2001,4561,,6,5,4,2002,0,0,0,,0,001,"LAKE ST N","YOSEMIT AV E",24.00,N,N,A,-,N,,,,,,,,,,Y,4,0,1,4,A,-,01,23152,,N,A,C,A,A,H,-,A,A,0,,,,,Y,,A,01,0,0,1,0,0,0,0,0,0,"- ","- ",,,MADERA,MADERA,-120.05434417724609,36.965488433837891
9301658,2021,2021-09-24,2002,2021-08-28,1819,4614,CITY,6,5,4,2002,0,0,0,,0,002,"LAKE ST N","SHERMAN WY",0.00,,Y,A,-,N,,,,,,,,,,Y,3,0,1,4,A,-,09,21804,,N,D,C,A,A,H,-,A,D,0,,,,,Y,,D,22,0,1,0,0,0,0,0,0,0,"- ","- ",,,MADERA,MADERA,,
9302617,2021,2021-09-01,2002,2021-07-31,1728,4398,,6,5,4,2002,0,0,0,,0,002,"D ST N","SHERWOOD WY",0.00,,Y,A,-,N,,,,,,,,,,Y,3,0,2,2,A,-,01,23153,A,F,D,C,A,A,H,-,A,A,0,,,,,Y,Y,A,08,0,2,0,0,0,0,0,0,0,"- ","- ",,,MADERA,MADERA,-120.06319427490234,36.977245330810547
9306811,2021,2021-09-30,2002,2021-08-18,1748,3624,,3,5,4,2002,0,0,0,,0,001,"A ST  N","4TH ST E",0.00,,Y,A,-,N,,,,,,,,,,N,2,0,1,2,A,-,05,21202,A,N,D,G,A,A,H,-,A,D,0,,Y,,Y,Y,,L,04,1,0,0,0,0,0,1,0,0,"- ","- ",,,MADERA,MADERA,-120.05721282958984,36.966583251953125
9312185,2021,2021-09-03,2002,2021-08-14,1805,3277,,6,5,4,2002,0,0,0,,0,004,"RT 145","RT 99",0.00,,Y,A,-,Y,MAD,6,145,-,-,9.145,I,5,N,Y,3,0,1,2,A,-,01,23152,,N,D,C,A,A,H,-,A,A,0,,,,,Y,Y,A,01,0,1,0,0,0,0,0,0,0,"- ","- ",,,MADERA,MADERA,-120.05609130859375,36.954170227050781
9312784,2021,2021-08-30,2002,2021-08-15,2051,4614,CITY,7,5,4,2002,0,0,0,,0,004,"MADERA AV S","ALMOND AV E",138.00,N,N,A,-,Y,MAD,6,145,-,-,8.590,H,-,S,Y,4,0,3,2,A,-,09,21804,A,N,A,C,A,A,H,-,C,D,0,,,,,Y,,A,01,0,0,3,0,0,0,0,0,0,"- ","- ",,,MADERA,MADERA,-120.0560302734375,36.945953369140625
9312807,2021,2021-10-07,2002,2021-08-14,0932,4584,,6,5,4,2002,0,0,0,,0,004,"YOSEMITE AV W","N ST S",0.00,,Y,A,-,N,,,,,,,,,,Y,3,0,2,3,A,-,09,21802,A,N,D,C,A,A,H,-,A,D,0,,,,,Y,,A,01,0,1,1,0,0,0,0,0,0,"- ","- ",,,MADERA,MADERA,-120.06887817382812,36.955585479736328
9312966,2021,2021-10-13,2002,2021-08-10,1657,4274,,2,5,4,2002,0,0,0,,0,001,"LAKE ST S","6TH ST E",0.00,,Y,A,-,N,,,,,,,,,,Y,4,0,1,2,A,-,12,22450,A,F,D,C,A,A,H,-,A,A,0,,,,,Y,,D,22,0,0,1,0,0,0,0,0,0,"- ","- ",,,MADERA,MADERA,-120.05329132080078,36.9644775390625
9313995,2021,2021-10-14,2002,2021-08-22,1956,4620,,7,5,4,2002,0,0,0,,0,002,"COUNTRY CLUB DR","ADELL ST E",0.00,,Y,A,-,N,,,,,,,,,,N,3,0,1,2,A,-,09,21801,,N,D,G,A,A,H,-,D,A,0,,Y,,,Y,,A,01,0,1,0,0,0,0,1,0,0,"- ","- ",,,MADERA,MADERA,-120.07424926757812,36.982818603515625
9323198,2021,2021-11-05,2002,2021-09-08,1617,4274,,3,5,4,2002,0,0,0,,0,001,"C ST S","6TH ST E",0.00,,Y,A,-,N,,,,,,,,,,N,4,0,1,2,A,-,10,21950,A,N,G,B,B,A,H,-,A,A,0,Y,,,,Y,Y,A,01,0,0,1,0,1,0,0,0,0,"- ",TO,,,MADERA,MADERA,-120.05643463134766,36.962379455566406
9324048,2021,2021-09-28,2002,2021-07-28,1456,3567,CITY,3,5,4,2002,0,0,0,,0,001,"RT 145","ALMOND AV E",100.00,N,N,A,-,Y,MAD,6,145,-,-,8.580,H,-,S,N,4,0,2,2,A,-,03,22350,,F,C,C,A,A,H,-,A,A,0,,,,,Y,,D,22,0,0,2,0,0,0,0,0,0,"- ","- ",,,MADERA,MADERA,-120.0560302734375,36.945808410644531
9327708,2021,2021-10-19,2002,2021-09-19,0056,4584,,7,5,4,2002,0,0,0,,0,001,"4TH ST E","E ST N",5.00,W,N,A,-,N,,,,,,,,,,N,4,0,1,2,A,-,11,21954,A,F,G,B,E,A,H,-,C,D,0,Y,,,,Y,Y,A,01,0,0,1,0,1,0,0,0,0,"- ","- ",,,MADERA,MADERA,-120.06142425537109,36.963722229003906
9336043,2021,2021-10-20,2002,2021-09-05,2055,4612,,7,5,4,2002,0,0,0,,0,002,"SHERWOOD WY W","SONORA ST",212.00,E,N,A,-,N,,,,,,,,,,Y,2,0,1,2,A,-,11,21954,A,N,G,B,E,A,H,-,C,D,0,Y,,,,Y,,N,60,1,0,0,0,1,0,0,0,0,"- ","- ",,,MADERA,MADERA,-120.06588745117188,36.977252960205078
9339426,2021,2021-10-11,2002,2021-09-18,0305,4614,CITY,6,5,4,2002,0,0,0,,0,004,"MADERA AV S","OLIVE AV W",0.00,,Y,A,-,Y,MAD,6,145,-,-,9.054,I,5,S,Y,3,0,1,1,A,-,01,23152,B,N,A,I,A,A,H,-,C,A,0,,,,,Y,Y,A,08,0,1,0,0,0,0,0,0,0,"- ","- ",,,MADERA,MADERA,-120.05609893798828,36.952594757080078
9346022,2021,2021-11-01,2002,2021-09-13,1618,3567,CITY,1,5,4,2002,0,0,0,,0,003,"I ST","6TH ST",5.00,S,N,A,-,N,,,,,,,,,,N,3,0,1,2,A,-,11,21950,B,N,G,B,B,A,H,-,A,A,0,Y,,,,Y,,N,60,0,1,0,0,1,0,0,0,0,"- ","- ",,,MADERA,MADERA,-120.06269836425781,36.958179473876953
9353576,2021,2021-11-06,2002,2021-10-21,0806,4467,,4,5,4,2002,0,0,0,,0,003,"4TH ST W","N ST N",0.00,,Y,A,-,N,,,,,,,,,,Y,4,0,1,2,A,-,09,21802,A,N,D,C,A,A,H,-,A,A,0,,,,,Y,,A,01,0,0,1,0,0,0,0,0,0,"- ","- ",,,MADERA,MADERA,-120.07086181640625,36.957427978515625
9354744,2021,2021-11-01,2002,2021-10-17,2028,4614,CITY,7,5,4,2002,0,0,0,,0,004,"OLIVE AV W","MONTEREY ST",0.00,,Y,A,-,N,,,,,,,,,,N,3,0,1,2,A,-,09,21804,,N,H,A,A,A,H,-,C,A,0,,,Y,,Y,,A,01,0,1,0,0,0,0,0,0,1,"- ","- ",,,MADERA,MADERA,-120.06062316894531,36.952812194824219
9360985,2021,2021-11-22,2002,2021-11-12,1826,4535,,5,5,4,2002,0,0,0,,0,002,"CLEVELAND AV E","BLOKER ST",10.00,E,N,A,-,N,,,,,,,,,,Y,3,0,3,2,A,-,09,21804,A,F,D,C,A,A,H,-,C,A,0,,,,,Y,,A,07,0,2,1,0,0,0,0,0,0,"- ","- ",,,MADERA,MADERA,-120.05734252929688,36.974430084228516
9364018,2021,2021-12-16,2002,2021-11-01,1444,3567,CITY,1,5,4,2002,0,0,0,,0,001,"KNOX AV","TOZER ST",120.00,W,N,A,-,N,,,,,,,,,,N,3,0,1,1,A,-,08,22107,,N,H,I,A,A,H,-,A,D,0,,,Y,,Y,,C,02,0,1,0,0,0,0,0,0,1,"- ","- ",,,MADERA,MADERA,-120.03791809082031,36.941226959228516
9369166,2021,2021-12-15,2002,2021-11-28,0803,4462,,7,5,4,2002,0,0,0,,0,001,"4TH ST E","B ST N",0.00,,Y,A,-,N,,,,,,,,,,N,3,0,1,2,A,-,05,21650,A,N,D,G,A,A,H,-,A,A,0,,Y,,,Y,,L,04,0,1,0,0,0,0,1,0,0,"- ","- ",,,MADERA,MADERA,-120.05821990966797,36.965869903564453
9375207,2021,2021-12-20,2002,2021-11-25,1621,4479,,4,5,4,2002,0,0,0,,0,001,"TOZER ST","CLINTON ST",701.00,S,N,-,-,N,,,,,,,,,,N,4,0,2,2,A,-,03,22350,,F,B,C,A,A,H,-,A,D,0,,,,,Y,,A,01,0,0,2,0,0,0,0,0,0,"- ","- ",,,MADERA,MADERA,-120.03919982910156,36.969223022460938
9376731,2021,2022-01-06,2002,2021-12-10,0747,3386,MADER,5,5,4,2002,0,0,0,,0,004,"GARY LN W","STADIUM RD",12.00,E,N,A,-,N,,,,,,,,,,N,3,0,1,2,A,-,08,22107,,N,G,B,B,A,H,-,A,A,0,Y,,,,Y,,A,01,0,1,0,0,1,0,0,0,0,"- ","- ",,,MADERA,MADERA,-120.06500244140625,36.941925048828125
9378488,2021,2021-12-16,2002,2021-11-27,1811,4466,,6,5,4,2002,0,0,0,,0,001,"YOSEMITE AV E","ELM AV",17.00,E,N,A,-,Y,MAD,6,145,-,-,10.830,H,-,S,Y,4,0,4,3,A,-,03,22350,,N,C,C,A,A,H,-,C,A,0,,,,,Y,,A,01,0,0,4,0,0,0,0,0,0,"- ","- ",,,MADERA,MADERA,-120.045654296875,36.971942901611328
9379215,2021,2022-01-12,2002,2021-12-24,2318,4561,,5,5,4,2002,0,0,0,,0,004,"RT 145","OLIVE AV W",40.00,N,N,A,C,Y,MAD,6,145,-,-,9.070,H,-,S,N,4,0,2,2,A,-,04,21703,,M,C,C,A,B,H,-,C,A,0,,,,,Y,,A,01,0,0,2,0,0,0,0,0,0,"- ","- ",,,MADERA,MADERA,-120.05609893798828,36.952888488769531
9389305,2021,2022-01-27,2002,2021-12-22,1902,4224,,3,5,4,2002,0,0,0,,0,003,"WESTBERRY BL N","CLEVELAND AV W",500.00,N,N,C,-,N,,,,,,,,,,Y,4,0,2,2,A,-,08,22107,,N,B,C,A,B,H,-,D,D,0,,,,,Y,,A,01,0,0,2,0,0,0,0,0,0,"- ","- ",,,MADERA,MADERA,-120.10095977783203,36.975917816162109